,SDATE,energy,temphigh,templow,is_holiday,wind,humidity,tempavg,hour,dayofweek,weekofyear
0,2019-11-11 00:00:00,278.0999999999767,13,5,0,4,54,9,0,1,46
1,2019-11-11 01:00:00,280.0,13,5,0,4,54,9,1,1,46
2,2019-11-11 02:00:00,280.2999999999884,13,5,0,4,54,9,2,1,46
3,2019-11-11 03:00:00,273.0,13,5,0,4,54,9,3,1,46
4,2019-11-11 04:00:00,278.1000000000349,13,5,0,4,54,9,4,1,46
5,2019-11-11 05:00:00,265.7999999999884,13,5,0,4,54,9,5,1,46
6,2019-11-11 06:00:00,269.5,18,4,0,4,43,11,6,1,46
7,2019-11-11 07:00:00,258.9000000000233,18,4,0,4,43,11,7,1,46
8,2019-11-11 08:00:00,271.0999999999767,18,4,0,4,43,11,8,1,46
9,2019-11-11 09:00:00,267.70000000001164,18,4,0,4,43,11,9,1,46
10,2019-11-11 10:00:00,266.70000000001164,18,4,0,4,43,11,10,1,46
11,2019-11-11 11:00:00,261.2999999999884,18,4,0,4,43,11,11,1,46
12,2019-11-11 12:00:00,262.0,19,12,0,5,29,15,12,1,46
13,2019-11-11 13:00:00,203.70000000001164,19,12,0,5,29,15,13,1,46
14,2019-11-11 14:00:00,150.5,19,12,0,5,29,15,14,1,46
15,2019-11-11 15:00:00,230.3999999999651,19,12,0,5,29,15,15,1,46
16,2019-11-11 16:00:00,214.5,19,12,0,5,29,15,16,1,46
17,2019-11-12 00:00:00,358.09999999997666,10,9,0,7,64,9,0,2,46
18,2019-11-12 01:00:00,356.59999999997666,10,9,0,7,64,9,1,2,46
19,2019-11-12 02:00:00,356.10000000003487,10,9,0,7,64,9,2,2,46
20,2019-11-12 03:00:00,358.7999999999884,10,9,0,7,64,9,3,2,46
21,2019-11-12 04:00:00,350.90000000002334,10,9,0,7,64,9,4,2,46
22,2019-11-12 05:00:00,355.0,10,9,0,7,64,9,5,2,46
23,2019-11-12 06:00:00,339.5999999999767,19,10,0,6,53,14,6,2,46
24,2019-11-12 07:00:00,338.4000000000233,19,10,0,6,53,14,7,2,46
25,2019-11-12 08:00:00,357.19999999995343,19,10,0,6,53,14,8,2,46
26,2019-11-12 09:00:00,342.9000000000233,19,10,0,6,53,14,9,2,46
27,2019-11-12 10:00:00,345.40000000002334,19,10,0,6,53,14,10,2,46
28,2019-11-12 11:00:00,186.19999999995343,19,10,0,6,53,14,11,2,46
29,2019-11-12 12:00:00,221.80000000004657,19,14,0,5,41,16,12,2,46
30,2019-11-12 13:00:00,111.89999999996508,19,14,0,5,41,16,13,2,46
31,2019-11-12 16:00:00,174.5,19,14,0,5,41,16,16,2,46
32,2019-11-12 17:00:00,102.79999999998836,19,14,0,5,41,16,17,2,46
33,2019-11-12 23:00:00,287.9000000000233,15,13,0,5,64,14,23,2,46
34,2019-11-13 00:00:00,360.09999999997666,16,12,0,18,39,14,0,3,46
35,2019-11-13 01:00:00,357.0,16,12,0,18,39,14,1,3,46
36,2019-11-13 02:00:00,351.59999999997666,16,12,0,18,39,14,2,3,46
37,2019-11-13 03:00:00,356.5,16,12,0,18,39,14,3,3,46
38,2019-11-13 04:00:00,349.7000000000116,16,12,0,18,39,14,4,3,46
39,2019-11-13 05:00:00,445.7000000000117,16,12,0,18,39,14,5,3,46
40,2019-11-13 06:00:00,590.7000000000116,12,9,0,35,27,10,6,3,46
41,2019-11-13 07:00:00,377.2999999999884,12,9,0,35,27,10,7,3,46
42,2019-11-13 08:00:00,352.7000000000116,12,9,0,35,27,10,8,3,46
43,2019-11-13 09:00:00,343.29999999998836,12,9,0,35,27,10,9,3,46
44,2019-11-13 10:00:00,212.90000000002328,12,9,0,35,27,10,10,3,46
45,2019-11-13 11:00:00,243.09999999997672,12,9,0,35,27,10,11,3,46
46,2019-11-13 12:00:00,231.0,9,4,0,39,15,6,12,3,46
47,2019-11-13 13:00:00,212.90000000002328,9,4,0,39,15,6,13,3,46
48,2019-11-13 14:00:00,194.59999999997672,9,4,0,39,15,6,14,3,46
49,2019-11-13 15:00:00,263.2999999999884,9,4,0,39,15,6,15,3,46
50,2019-11-13 16:00:00,221.40000000002328,9,4,0,39,15,6,16,3,46
51,2019-11-13 22:00:00,101.70000000001164,4,-1,0,6,31,1,22,3,46
52,2019-11-13 23:00:00,374.2000000000117,4,-1,0,6,31,1,23,3,46
53,2019-11-14 00:00:00,374.5999999999767,0,-1,0,1,58,0,0,4,46
54,2019-11-14 01:00:00,367.7000000000117,0,-1,0,1,58,0,1,4,46
55,2019-11-14 02:00:00,373.5,0,-1,0,1,58,0,2,4,46
56,2019-11-14 03:00:00,371.5999999999767,0,-1,0,1,58,0,3,4,46
57,2019-11-14 04:00:00,351.60000000003487,0,-1,0,1,58,0,4,4,46
58,2019-11-14 05:00:00,501.0999999999767,0,-1,0,1,58,0,5,4,46
59,2019-11-14 06:00:00,610.9000000000233,10,0,0,6,46,5,6,4,46
60,2019-11-14 07:00:00,581.5999999999767,10,0,0,6,46,5,7,4,46
61,2019-11-14 08:00:00,601.0,10,0,0,6,46,5,8,4,46
62,2019-11-14 09:00:00,588.0,10,0,0,6,46,5,9,4,46
63,2019-11-14 10:00:00,185.70000000001164,10,0,0,6,46,5,10,4,46
64,2019-11-14 11:00:00,236.09999999997672,10,0,0,6,46,5,11,4,46
65,2019-11-14 12:00:00,254.79999999998842,11,7,0,7,32,9,12,4,46
66,2019-11-14 13:00:00,232.80000000004657,11,7,0,7,32,9,13,4,46
67,2019-11-14 16:00:00,191.59999999997672,11,7,0,7,32,9,16,4,46
68,2019-11-14 23:00:00,254.70000000001164,7,3,0,6,55,5,23,4,46
69,2019-11-15 00:00:00,263.7999999999884,3,0,0,4,61,1,0,5,46
70,2019-11-15 01:00:00,260.5999999999767,3,0,0,4,61,1,1,5,46
71,2019-11-15 02:00:00,261.1000000000349,3,0,0,4,61,1,2,5,46
72,2019-11-15 03:00:00,264.0,3,0,0,4,61,1,3,5,46
73,2019-11-15 04:00:00,185.3999999999651,3,0,0,4,61,1,4,5,46
74,2019-11-15 05:00:00,527.7000000000116,3,0,0,4,61,1,5,5,46
75,2019-11-15 06:00:00,576.7999999999884,10,0,0,17,69,5,6,5,46
76,2019-11-15 07:00:00,244.60000000003487,10,0,0,17,69,5,7,5,46
77,2019-11-15 08:00:00,257.7999999999884,10,0,0,17,69,5,8,5,46
78,2019-11-15 09:00:00,256.2999999999884,10,0,0,17,69,5,9,5,46
79,2019-11-15 10:00:00,272.6000000000349,10,0,0,17,69,5,10,5,46
80,2019-11-15 11:00:00,262.0,10,0,0,17,69,5,11,5,46
81,2019-11-15 12:00:00,260.0999999999767,10,7,0,17,66,8,12,5,46
82,2019-11-15 13:00:00,270.0999999999767,10,7,0,17,66,8,13,5,46
83,2019-11-15 14:00:00,260.9000000000233,10,7,0,17,66,8,14,5,46
84,2019-11-15 15:00:00,263.5999999999767,10,7,0,17,66,8,15,5,46
85,2019-11-15 16:00:00,217.10000000003487,10,7,0,17,66,8,16,5,46
86,2019-11-17 21:00:00,578.4000000000233,10,0,1,44,15,5,21,7,46
87,2019-11-17 22:00:00,630.2000000000116,10,0,1,44,15,5,22,7,46
88,2019-11-17 23:00:00,618.2999999999884,10,0,1,44,15,5,23,7,46
89,2019-11-18 00:00:00,621.3999999999653,0,-3,0,28,24,-1,0,1,47
90,2019-11-18 01:00:00,607.3000000000466,0,-3,0,28,24,-1,1,1,47
91,2019-11-18 02:00:00,612.3999999999653,0,-3,0,28,24,-1,2,1,47
92,2019-11-18 03:00:00,609.1000000000347,0,-3,0,28,24,-1,3,1,47
93,2019-11-18 04:00:00,608.6999999999534,0,-3,0,28,24,-1,4,1,47
94,2019-11-18 05:00:00,581.8000000000466,0,-3,0,28,24,-1,5,1,47
95,2019-11-18 06:00:00,594.2999999999884,2,-3,0,34,19,0,6,1,47
96,2019-11-18 07:00:00,590.3999999999653,2,-3,0,34,19,0,7,1,47
97,2019-11-18 08:00:00,601.3000000000466,2,-3,0,34,19,0,8,1,47
98,2019-11-18 09:00:00,584.3999999999653,2,-3,0,34,19,0,9,1,47
99,2019-11-18 10:00:00,591.5,2,-3,0,34,19,0,10,1,47
100,2019-11-18 11:00:00,593.9000000000233,2,-3,0,34,19,0,11,1,47
101,2019-11-18 12:00:00,573.0999999999767,3,2,0,17,12,2,12,1,47
102,2019-11-18 13:00:00,428.60000000003487,3,2,0,17,12,2,13,1,47
103,2019-11-18 14:00:00,372.5999999999767,3,2,0,17,12,2,14,1,47
104,2019-11-18 15:00:00,402.7000000000117,3,2,0,17,12,2,15,1,47
105,2019-11-18 16:00:00,228.29999999998842,3,2,0,17,12,2,16,1,47
106,2019-11-18 22:00:00,418.2999999999884,2,-2,0,5,25,0,22,1,47
107,2019-11-18 23:00:00,623.7000000000116,2,-2,0,5,25,0,23,1,47
108,2019-11-19 00:00:00,605.7000000000116,1,-4,0,4,42,-1,0,2,47
109,2019-11-19 01:00:00,607.8999999999653,1,-4,0,4,42,-1,1,2,47
110,2019-11-19 02:00:00,607.5,1,-4,0,4,42,-1,2,2,47
111,2019-11-19 03:00:00,593.9000000000233,1,-4,0,4,42,-1,3,2,47
112,2019-11-19 04:00:00,600.5999999999767,1,-4,0,4,42,-1,4,2,47
113,2019-11-19 05:00:00,592.0,1,-4,0,4,42,-1,5,2,47
114,2019-11-19 06:00:00,590.6000000000347,6,-4,0,6,22,1,6,2,47
115,2019-11-19 07:00:00,587.2999999999884,6,-4,0,6,22,1,7,2,47
116,2019-11-19 08:00:00,584.2000000000116,6,-4,0,6,22,1,8,2,47
117,2019-11-19 09:00:00,589.2999999999884,6,-4,0,6,22,1,9,2,47
118,2019-11-19 10:00:00,307.9000000000233,6,-4,0,6,22,1,10,2,47
119,2019-11-19 11:00:00,256.8999999999651,6,-4,0,6,22,1,11,2,47
120,2019-11-19 12:00:00,250.60000000003487,8,2,0,6,14,5,12,2,47
121,2019-11-19 13:00:00,253.8999999999651,8,2,0,6,14,5,13,2,47
122,2019-11-19 14:00:00,250.0,8,2,0,6,14,5,14,2,47
123,2019-11-19 15:00:00,294.20000000001164,8,2,0,6,14,5,15,2,47
124,2019-11-19 16:00:00,163.40000000002328,8,2,0,6,14,5,16,2,47
125,2019-11-20 00:00:00,367.5999999999767,1,-3,0,2,66,-1,0,3,47
126,2019-11-20 01:00:00,472.90000000002334,1,-3,0,2,66,-1,1,3,47
127,2019-11-20 02:00:00,479.7999999999884,1,-3,0,2,66,-1,2,3,47
128,2019-11-20 03:00:00,467.7000000000117,1,-3,0,2,66,-1,3,3,47
129,2019-11-20 04:00:00,471.69999999995343,1,-3,0,2,66,-1,4,3,47
130,2019-11-20 05:00:00,457.5,1,-3,0,2,66,-1,5,3,47
131,2019-11-20 06:00:00,457.2000000000117,8,-2,0,3,55,3,6,3,47
132,2019-11-20 07:00:00,459.40000000002334,8,-2,0,3,55,3,7,3,47
133,2019-11-20 08:00:00,453.7999999999884,8,-2,0,3,55,3,8,3,47
134,2019-11-20 09:00:00,201.90000000002328,8,-2,0,3,55,3,9,3,47
135,2019-11-20 11:00:00,282.29999999998836,8,-2,0,3,55,3,11,3,47
136,2019-11-20 12:00:00,455.7000000000117,9,5,0,4,41,7,12,3,47
137,2019-11-20 13:00:00,409.89999999996513,9,5,0,4,41,7,13,3,47
138,2019-11-20 23:00:00,271.2999999999884,5,3,0,2,60,4,23,3,47
139,2019-11-21 00:00:00,276.0,4,3,0,3,73,3,0,4,47
140,2019-11-21 01:00:00,268.2999999999884,4,3,0,3,73,3,1,4,47
141,2019-11-21 02:00:00,273.4000000000233,4,3,0,3,73,3,2,4,47
142,2019-11-21 03:00:00,268.5999999999767,4,3,0,3,73,3,3,4,47
143,2019-11-21 04:00:00,271.6000000000349,4,3,0,3,73,3,4,4,47
144,2019-11-21 05:00:00,304.5999999999767,4,3,0,3,73,3,5,4,47
145,2019-11-21 06:00:00,454.2000000000117,9,3,0,2,77,6,6,4,47
146,2019-11-21 07:00:00,419.39999999996513,9,3,0,2,77,6,7,4,47
147,2019-11-21 08:00:00,505.30000000004657,9,3,0,2,77,6,8,4,47
148,2019-11-21 09:00:00,459.19999999995343,9,3,0,2,77,6,9,4,47
149,2019-11-21 10:00:00,282.9000000000233,9,3,0,2,77,6,10,4,47
150,2019-11-21 11:00:00,456.5999999999767,9,3,0,2,77,6,11,4,47
151,2019-11-21 12:00:00,466.60000000003487,10,8,0,3,55,9,12,4,47
152,2019-11-21 13:00:00,460.7000000000117,10,8,0,3,55,9,13,4,47
153,2019-11-21 14:00:00,372.7999999999884,10,8,0,3,55,9,14,4,47
154,2019-11-21 16:00:00,185.70000000001164,10,8,0,3,55,9,16,4,47
155,2019-11-21 23:00:00,329.5,8,4,0,5,74,6,23,4,47
156,2019-11-22 00:00:00,610.8999999999653,5,4,0,6,88,4,0,5,47
157,2019-11-22 01:00:00,515.7000000000116,5,4,0,6,88,4,1,5,47
158,2019-11-22 02:00:00,526.7000000000116,5,4,0,6,88,4,2,5,47
159,2019-11-22 03:00:00,518.5999999999766,5,4,0,6,88,4,3,5,47
160,2019-11-22 04:00:00,513.1000000000348,5,4,0,6,88,4,4,5,47
161,2019-11-22 05:00:00,499.5999999999767,5,4,0,6,88,4,5,5,47
162,2019-11-22 06:00:00,454.10000000003487,12,3,0,4,80,7,6,5,47
163,2019-11-22 07:00:00,455.0999999999767,12,3,0,4,80,7,7,5,47
164,2019-11-22 08:00:00,450.0999999999767,12,3,0,4,80,7,8,5,47
165,2019-11-22 09:00:00,327.5,12,3,0,4,80,7,9,5,47
166,2019-11-22 10:00:00,258.5,12,3,0,4,80,7,10,5,47
167,2019-11-22 11:00:00,251.30000000004657,12,3,0,4,80,7,11,5,47
168,2019-11-22 12:00:00,252.3999999999651,13,10,0,6,66,11,12,5,47
169,2019-11-22 13:00:00,246.10000000003487,13,10,0,6,66,11,13,5,47
170,2019-11-22 14:00:00,250.59999999997672,13,10,0,6,66,11,14,5,47
171,2019-11-22 15:00:00,249.40000000002328,13,10,0,6,66,11,15,5,47
172,2019-11-22 16:00:00,170.19999999995343,13,10,0,6,66,11,16,5,47
173,2019-11-23 21:00:00,272.9000000000233,12,8,1,11,85,10,21,6,47
174,2019-11-23 22:00:00,272.2999999999884,12,8,1,11,85,10,22,6,47
175,2019-11-23 23:00:00,270.9000000000233,12,8,1,11,85,10,23,6,47
176,2019-11-25 09:00:00,487.0,3,-5,0,5,27,-1,9,1,48
177,2019-11-25 10:00:00,284.3999999999652,3,-5,0,5,27,-1,10,1,48
178,2019-11-25 11:00:00,140.90000000002328,3,-5,0,5,27,-1,11,1,48
179,2019-11-25 12:00:00,232.70000000001164,4,2,0,7,14,3,12,1,48
180,2019-11-25 13:00:00,223.70000000001164,4,2,0,7,14,3,13,1,48
181,2019-11-25 14:00:00,233.8999999999651,4,2,0,7,14,3,14,1,48
182,2019-11-25 15:00:00,183.40000000002328,4,2,0,7,14,3,15,1,48
183,2019-11-25 16:00:00,573.8999999999653,4,2,0,7,14,3,16,1,48
184,2019-11-25 22:00:00,170.79999999998842,2,-3,0,3,42,0,22,1,48
185,2019-11-25 23:00:00,595.5,2,-3,0,3,42,0,23,1,48
186,2019-11-26 00:00:00,586.4000000000233,-1,-3,0,4,49,-2,0,2,48
187,2019-11-26 01:00:00,575.5,-1,-3,0,4,49,-2,1,2,48
188,2019-11-26 02:00:00,574.4000000000233,-1,-3,0,4,49,-2,2,2,48
189,2019-11-26 03:00:00,565.0,-1,-3,0,4,49,-2,3,2,48
190,2019-11-26 04:00:00,574.2999999999884,-1,-3,0,4,49,-2,4,2,48
191,2019-11-26 05:00:00,563.5,-1,-3,0,4,49,-2,5,2,48
192,2019-11-26 06:00:00,552.0,4,-2,0,8,45,1,6,2,48
193,2019-11-26 07:00:00,548.2000000000116,4,-2,0,8,45,1,7,2,48
194,2019-11-26 08:00:00,381.5,4,-2,0,8,45,1,8,2,48
195,2019-11-26 09:00:00,467.89999999996513,4,-2,0,8,45,1,9,2,48
196,2019-11-26 10:00:00,575.9000000000233,4,-2,0,8,45,1,10,2,48
197,2019-11-26 11:00:00,568.2000000000116,4,-2,0,8,45,1,11,2,48
198,2019-11-26 12:00:00,600.0999999999767,7,4,0,8,24,5,12,2,48
199,2019-11-26 13:00:00,619.1999999999534,7,4,0,8,24,5,13,2,48
200,2019-11-26 14:00:00,608.2000000000697,7,4,0,8,24,5,14,2,48
201,2019-11-26 15:00:00,574.0999999999767,7,4,0,8,24,5,15,2,48
202,2019-11-26 16:00:00,439.69999999995343,7,4,0,8,24,5,16,2,48
203,2019-11-26 23:00:00,618.0999999999767,4,-1,0,4,38,1,23,2,48
204,2019-11-27 00:00:00,614.7000000000697,0,-4,0,11,61,-2,0,3,48
205,2019-11-27 01:00:00,618.0,0,-4,0,11,61,-2,1,3,48
206,2019-11-27 02:00:00,601.0,0,-4,0,11,61,-2,2,3,48
207,2019-11-27 03:00:00,607.6999999999534,0,-4,0,11,61,-2,3,3,48
208,2019-11-27 04:00:00,596.8000000000466,0,-4,0,11,61,-2,4,3,48
209,2019-11-27 05:00:00,597.1999999999534,0,-4,0,11,61,-2,5,3,48
210,2019-11-27 06:00:00,602.4000000000233,4,-4,0,8,42,0,6,3,48
211,2019-11-27 07:00:00,589.0,4,-4,0,8,42,0,7,3,48
212,2019-11-27 08:00:00,608.0999999999767,4,-4,0,8,42,0,8,3,48
213,2019-11-27 09:00:00,617.3000000000466,4,-4,0,8,42,0,9,3,48
214,2019-11-27 10:00:00,650.2999999999303,4,-4,0,8,42,0,10,3,48
215,2019-11-27 11:00:00,649.2000000000697,4,-4,0,8,42,0,11,3,48
216,2019-11-27 12:00:00,662.0,5,0,0,6,24,2,12,3,48
217,2019-11-27 13:00:00,102.19999999995345,5,0,0,6,24,2,13,3,48
218,2019-11-27 23:00:00,553.3000000000466,0,-2,0,3,47,-1,23,3,48
219,2019-11-28 00:00:00,612.1999999999534,-2,-5,0,3,59,-3,0,4,48
220,2019-11-28 01:00:00,619.7000000000697,-2,-5,0,3,59,-3,1,4,48
221,2019-11-28 02:00:00,602.0999999999767,-2,-5,0,3,59,-3,2,4,48
222,2019-11-28 03:00:00,612.4000000000233,-2,-5,0,3,59,-3,3,4,48
223,2019-11-28 04:00:00,610.3999999999069,-2,-5,0,3,59,-3,4,4,48
224,2019-11-28 05:00:00,599.7000000000697,-2,-5,0,3,59,-3,5,4,48
225,2019-11-28 06:00:00,595.2999999999303,3,-4,0,2,53,0,6,4,48
226,2019-11-28 07:00:00,564.5,3,-4,0,2,53,0,7,4,48
227,2019-11-28 08:00:00,286.6000000000932,3,-4,0,2,53,0,8,4,48
228,2019-11-28 09:00:00,354.09999999997666,3,-4,0,2,53,0,9,4,48
229,2019-11-28 10:00:00,372.0,3,-4,0,2,53,0,10,4,48
230,2019-11-28 11:00:00,368.5,3,-4,0,2,53,0,11,4,48
231,2019-11-28 13:00:00,470.5,4,3,0,8,36,3,13,4,48
232,2019-11-28 14:00:00,609.2999999999303,4,3,0,8,36,3,14,4,48
233,2019-11-28 15:00:00,610.9000000000233,4,3,0,8,36,3,15,4,48
234,2019-11-29 03:00:00,309.4000000000233,-3,-5,0,2,79,-4,3,5,48
235,2019-11-29 04:00:00,434.0999999999767,-3,-5,0,2,79,-4,4,5,48
236,2019-11-29 05:00:00,421.0,-3,-5,0,2,79,-4,5,5,48
237,2019-11-29 06:00:00,369.80000000004657,4,-5,0,2,65,0,6,5,48
238,2019-11-29 07:00:00,684.0999999999767,4,-5,0,2,65,0,7,5,48
239,2019-11-29 08:00:00,669.0,4,-5,0,2,65,0,8,5,48
240,2019-11-29 09:00:00,1150.0,4,-5,0,2,65,0,9,5,48
241,2019-11-29 10:00:00,530.2000000000698,4,-5,0,2,65,0,10,5,48
242,2019-11-29 11:00:00,546.5999999999766,4,-5,0,2,65,0,11,5,48
243,2019-11-29 12:00:00,424.2999999999302,5,3,0,7,47,4,12,5,48
244,2019-11-29 13:00:00,339.6000000000932,5,3,0,7,47,4,13,5,48
245,2019-11-29 14:00:00,184.5,5,3,0,7,47,4,14,5,48
246,2019-11-29 15:00:00,259.5999999999767,5,3,0,7,47,4,15,5,48
247,2019-11-29 16:00:00,169.19999999995343,5,3,0,7,47,4,16,5,48
248,2019-12-01 23:00:00,459.0999999999767,3,0,1,25,31,1,23,7,48
249,2019-12-02 00:00:00,730.7000000000697,0,-5,0,20,38,-2,0,1,49
250,2019-12-02 01:00:00,628.6999999999534,0,-5,0,20,38,-2,1,1,49
251,2019-12-02 02:00:00,610.5999999999767,0,-5,0,20,38,-2,2,1,49
252,2019-12-02 03:00:00,621.9000000000233,0,-5,0,20,38,-2,3,1,49
253,2019-12-02 04:00:00,604.9000000000233,0,-5,0,20,38,-2,4,1,49
254,2019-12-02 05:00:00,615.4000000000233,0,-5,0,20,38,-2,5,1,49
255,2019-12-02 06:00:00,522.8999999999069,2,-4,0,12,31,-1,6,1,49
256,2019-12-02 07:00:00,665.1000000000931,2,-4,0,12,31,-1,7,1,49
257,2019-12-02 08:00:00,903.3999999999068,2,-4,0,12,31,-1,8,1,49
258,2019-12-02 09:00:00,786.7000000000697,2,-4,0,12,31,-1,9,1,49
259,2019-12-02 10:00:00,522.0,2,-4,0,12,31,-1,10,1,49
260,2019-12-02 11:00:00,514.9000000000234,2,-4,0,12,31,-1,11,1,49
261,2019-12-02 12:00:00,680.8999999999069,4,2,0,14,20,3,12,1,49
262,2019-12-02 13:00:00,288.4000000000233,4,2,0,14,20,3,13,1,49
263,2019-12-02 15:00:00,201.59999999997672,4,2,0,14,20,3,15,1,49
264,2019-12-02 16:00:00,397.0999999999767,4,2,0,14,20,3,16,1,49
265,2019-12-02 17:00:00,612.8000000000466,4,2,0,14,20,3,17,1,49
266,2019-12-02 18:00:00,615.0999999999767,3,1,0,10,27,2,18,1,49
267,2019-12-02 19:00:00,608.3000000000466,3,1,0,10,27,2,19,1,49
268,2019-12-02 20:00:00,604.0,3,1,0,10,27,2,20,1,49
269,2019-12-02 21:00:00,609.2999999999303,3,1,0,10,27,2,21,1,49
270,2019-12-02 23:00:00,165.5,3,1,0,10,27,2,23,1,49
271,2019-12-03 03:00:00,537.3999999999069,1,-4,0,6,46,-1,3,2,49
272,2019-12-03 04:00:00,609.8000000000466,1,-4,0,6,46,-1,4,2,49
273,2019-12-03 05:00:00,590.5,1,-4,0,6,46,-1,5,2,49
274,2019-12-03 06:00:00,523.0999999999766,8,-4,0,4,45,2,6,2,49
275,2019-12-03 07:00:00,833.2000000000697,8,-4,0,4,45,2,7,2,49
276,2019-12-03 08:00:00,767.0999999999768,8,-4,0,4,45,2,8,2,49
277,2019-12-03 09:00:00,434.69999999995343,8,-4,0,4,45,2,9,2,49
278,2019-12-03 10:00:00,633.8000000000466,8,-4,0,4,45,2,10,2,49
279,2019-12-03 11:00:00,667.1999999999534,8,-4,0,4,45,2,11,2,49
280,2019-12-03 12:00:00,671.5999999999767,9,6,0,7,20,7,12,2,49
281,2019-12-03 13:00:00,540.5,9,6,0,7,20,7,13,2,49
282,2019-12-03 15:00:00,310.9000000000233,9,6,0,7,20,7,15,2,49
283,2019-12-03 16:00:00,592.8999999999069,9,6,0,7,20,7,16,2,49
284,2019-12-03 17:00:00,599.0,9,6,0,7,20,7,17,2,49
285,2019-12-03 18:00:00,354.10000000009313,6,-1,0,5,37,2,18,2,49
286,2019-12-04 03:00:00,316.89999999990687,3,-3,0,3,52,0,3,3,49
287,2019-12-04 04:00:00,607.0,3,-3,0,3,52,0,4,3,49
288,2019-12-04 05:00:00,610.0,3,-3,0,3,52,0,5,3,49
289,2019-12-04 06:00:00,520.7000000000698,9,0,0,11,32,4,6,3,49
290,2019-12-04 07:00:00,946.9000000000232,9,0,0,11,32,4,7,3,49
291,2019-12-04 08:00:00,861.1999999999533,9,0,0,11,32,4,8,3,49
292,2019-12-04 09:00:00,520.8000000000466,9,0,0,11,32,4,9,3,49
293,2019-12-04 10:00:00,376.5999999999767,9,0,0,11,32,4,10,3,49
294,2019-12-04 11:00:00,345.5,9,0,0,11,32,4,11,3,49
295,2019-12-04 12:00:00,685.0,10,4,0,14,20,7,12,3,49
296,2019-12-04 13:00:00,685.5,10,4,0,14,20,7,13,3,49
297,2019-12-04 14:00:00,649.4000000000233,10,4,0,14,20,7,14,3,49
298,2019-12-04 15:00:00,558.3999999999069,10,4,0,14,20,7,15,3,49
299,2019-12-04 16:00:00,655.4000000000233,10,4,0,14,20,7,16,3,49
300,2019-12-04 17:00:00,107.5,10,4,0,14,20,7,17,3,49
301,2019-12-05 04:00:00,600.3000000000466,0,-3,0,18,74,-1,4,4,49
302,2019-12-05 05:00:00,606.9000000000233,0,-3,0,18,74,-1,5,4,49
303,2019-12-05 06:00:00,507.5999999999767,0,-4,0,9,71,-2,6,4,49
304,2019-12-05 07:00:00,911.9000000000232,0,-4,0,9,71,-2,7,4,49
305,2019-12-05 08:00:00,904.0,0,-4,0,9,71,-2,8,4,49
306,2019-12-05 09:00:00,572.0,0,-4,0,9,71,-2,9,4,49
307,2019-12-05 10:00:00,362.69999999995343,0,-4,0,9,71,-2,10,4,49
308,2019-12-05 11:00:00,546.3000000000466,0,-4,0,9,71,-2,11,4,49
309,2019-12-05 12:00:00,683.0999999999767,1,-3,0,9,37,-1,12,4,49
310,2019-12-05 13:00:00,671.4000000000233,1,-3,0,9,37,-1,13,4,49
311,2019-12-05 14:00:00,683.1999999999534,1,-3,0,9,37,-1,14,4,49
312,2019-12-05 15:00:00,607.5,1,-3,0,9,37,-1,15,4,49
313,2019-12-05 16:00:00,610.6999999999534,1,-3,0,9,37,-1,16,4,49
314,2019-12-06 04:00:00,605.8000000000466,-2,-6,0,7,71,-4,4,5,49
315,2019-12-06 05:00:00,615.4000000000233,-2,-6,0,7,71,-4,5,5,49
316,2019-12-06 06:00:00,517.5,2,-4,0,11,69,-1,6,5,49
317,2019-12-06 07:00:00,920.0,2,-4,0,11,69,-1,7,5,49
318,2019-12-06 08:00:00,686.5999999999767,2,-4,0,11,69,-1,8,5,49
319,2019-12-06 09:00:00,566.0,2,-4,0,11,69,-1,9,5,49
320,2019-12-06 10:00:00,438.0,2,-4,0,11,69,-1,10,5,49
321,2019-12-06 11:00:00,311.4000000000233,2,-4,0,11,69,-1,11,5,49
322,2019-12-06 12:00:00,381.7999999999302,4,2,0,13,41,3,12,5,49
323,2019-12-06 13:00:00,246.0,4,2,0,13,41,3,13,5,49
324,2019-12-06 14:00:00,160.20000000006985,4,2,0,13,41,3,14,5,49
325,2019-12-06 15:00:00,214.19999999995343,4,2,0,13,41,3,15,5,49
326,2019-12-06 16:00:00,154.09999999997672,4,2,0,13,41,3,16,5,49
327,2019-12-07 06:00:00,538.9000000000234,5,-5,1,3,75,0,6,6,49
328,2019-12-07 23:00:00,226.0,2,-3,1,8,87,0,23,6,49
329,2019-12-08 00:00:00,601.8000000000466,-2,-4,1,8,96,-3,0,7,49
330,2019-12-08 01:00:00,579.9000000000233,-2,-4,1,8,96,-3,1,7,49
331,2019-12-08 02:00:00,583.9000000000233,-2,-4,1,8,96,-3,2,7,49
332,2019-12-08 03:00:00,580.2999999999303,-2,-4,1,8,96,-3,3,7,49
333,2019-12-08 04:00:00,567.7000000000697,-2,-4,1,8,96,-3,4,7,49
334,2019-12-08 05:00:00,573.7999999999303,-2,-4,1,8,96,-3,5,7,49
335,2019-12-08 06:00:00,574.5,-1,-2,1,7,94,-1,6,7,49
336,2019-12-08 07:00:00,111.40000000002328,-1,-2,1,7,94,-1,7,7,49
337,2019-12-08 23:00:00,266.9000000000233,-1,-3,1,7,87,-2,23,7,49
338,2019-12-09 00:00:00,592.0999999999767,-3,-4,0,8,90,-3,0,1,50
339,2019-12-09 01:00:00,585.0999999999767,-3,-4,0,8,90,-3,1,1,50
340,2019-12-09 02:00:00,589.0999999999767,-3,-4,0,8,90,-3,2,1,50
341,2019-12-09 03:00:00,572.8000000000466,-3,-4,0,8,90,-3,3,1,50
342,2019-12-09 04:00:00,574.5,-3,-4,0,8,90,-3,4,1,50
343,2019-12-09 05:00:00,568.8000000000466,-3,-4,0,8,90,-3,5,1,50
344,2019-12-09 06:00:00,569.3999999999069,1,-3,0,6,83,-1,6,1,50
345,2019-12-09 11:00:00,509.2000000000698,1,-3,0,6,83,-1,11,1,50
346,2019-12-09 12:00:00,565.5999999999767,4,0,0,6,64,2,12,1,50
347,2019-12-09 13:00:00,1080.5,4,0,0,6,64,2,13,1,50
348,2019-12-09 14:00:00,730.5,4,0,0,6,64,2,14,1,50
349,2019-12-09 15:00:00,444.0999999999767,4,0,0,6,64,2,15,1,50
350,2019-12-09 17:00:00,475.30000000004657,4,0,0,6,64,2,17,1,50
351,2019-12-09 18:00:00,523.7999999999302,0,-4,0,5,85,-2,18,1,50
352,2019-12-09 19:00:00,631.2000000000697,0,-4,0,5,85,-2,19,1,50
353,2019-12-09 20:00:00,566.1999999999534,0,-4,0,5,85,-2,20,1,50
354,2019-12-09 21:00:00,575.8000000000466,0,-4,0,5,85,-2,21,1,50
355,2019-12-10 04:00:00,382.7999999999302,-2,-4,0,5,93,-3,4,2,50
356,2019-12-10 05:00:00,574.0,-2,-4,0,5,93,-3,5,2,50
357,2019-12-10 06:00:00,600.1000000000931,0,-2,0,4,96,-1,6,2,50
358,2019-12-10 07:00:00,1129.2999999999306,0,-2,0,4,96,-1,7,2,50
359,2019-12-10 08:00:00,836.8000000000467,0,-2,0,4,96,-1,8,2,50
360,2019-12-10 09:00:00,604.5,0,-2,0,4,96,-1,9,2,50
361,2019-12-10 10:00:00,458.69999999995343,0,-2,0,4,96,-1,10,2,50
362,2019-12-10 11:00:00,429.5,0,-2,0,4,96,-1,11,2,50
363,2019-12-10 12:00:00,582.3000000000466,5,0,0,11,66,2,12,2,50
364,2019-12-10 13:00:00,564.4000000000233,5,0,0,11,66,2,13,2,50
365,2019-12-10 14:00:00,574.5,5,0,0,11,66,2,14,2,50
366,2019-12-10 15:00:00,565.5,5,0,0,11,66,2,15,2,50
367,2019-12-10 16:00:00,567.2999999999303,5,0,0,11,66,2,16,2,50
368,2019-12-10 17:00:00,556.4000000000234,5,0,0,11,66,2,17,2,50
369,2019-12-10 18:00:00,562.9000000000234,5,-1,0,19,36,2,18,2,50
370,2019-12-10 19:00:00,400.7999999999302,5,-1,0,19,36,2,19,2,50
371,2019-12-11 05:00:00,343.5,1,-2,0,8,43,0,5,3,50
372,2019-12-11 06:00:00,473.7000000000698,5,-3,0,19,37,1,6,3,50
373,2019-12-11 07:00:00,995.4000000000232,5,-3,0,19,37,1,7,3,50
374,2019-12-11 08:00:00,978.6999999999533,5,-3,0,19,37,1,8,3,50
375,2019-12-11 09:00:00,606.0999999999767,5,-3,0,19,37,1,9,3,50
376,2019-12-11 10:00:00,494.90000000002334,5,-3,0,19,37,1,10,3,50
377,2019-12-11 11:00:00,467.0,5,-3,0,19,37,1,11,3,50
378,2019-12-11 12:00:00,696.9000000000232,5,0,0,35,17,2,12,3,50
379,2019-12-11 13:00:00,602.5999999999767,5,0,0,35,17,2,13,3,50
380,2019-12-11 14:00:00,562.1999999999534,5,0,0,35,17,2,14,3,50
381,2019-12-11 15:00:00,561.4000000000234,5,0,0,35,17,2,15,3,50
382,2019-12-11 16:00:00,563.3000000000466,5,0,0,35,17,2,16,3,50
383,2019-12-11 17:00:00,317.5,5,0,0,35,17,2,17,3,50
384,2019-12-12 05:00:00,564.6999999999534,-2,-6,0,3,46,-4,5,4,50
385,2019-12-12 06:00:00,548.2000000000698,3,-7,0,5,39,-2,6,4,50
386,2019-12-12 07:00:00,882.5,3,-7,0,5,39,-2,7,4,50
387,2019-12-12 08:00:00,1036.2999999999304,3,-7,0,5,39,-2,8,4,50
388,2019-12-12 09:00:00,604.3000000000466,3,-7,0,5,39,-2,9,4,50
389,2019-12-12 10:00:00,478.40000000002334,3,-7,0,5,39,-2,10,4,50
390,2019-12-12 11:00:00,481.7999999999302,3,-7,0,5,39,-2,11,4,50
391,2019-12-12 12:00:00,571.4000000000233,5,-1,0,10,21,2,12,4,50
392,2019-12-12 13:00:00,723.1999999999533,5,-1,0,10,21,2,13,4,50
393,2019-12-12 14:00:00,595.1000000000931,5,-1,0,10,21,2,14,4,50
394,2019-12-12 15:00:00,567.6999999999534,5,-1,0,10,21,2,15,4,50
395,2019-12-12 16:00:00,556.4000000000234,5,-1,0,10,21,2,16,4,50
396,2019-12-13 04:00:00,177.20000000006985,-3,-4,0,3,80,-3,4,5,50
397,2019-12-13 05:00:00,565.7999999999303,-3,-4,0,3,80,-3,5,5,50
398,2019-12-13 06:00:00,526.0,6,-5,0,7,68,0,6,5,50
399,2019-12-13 07:00:00,1031.0999999999767,6,-5,0,7,68,0,7,5,50
400,2019-12-13 08:00:00,848.8000000000467,6,-5,0,7,68,0,8,5,50
401,2019-12-13 09:00:00,548.0,6,-5,0,7,68,0,9,5,50
402,2019-12-13 10:00:00,520.3000000000466,6,-5,0,7,68,0,10,5,50
403,2019-12-13 11:00:00,386.69999999995343,6,-5,0,7,68,0,11,5,50
404,2019-12-13 12:00:00,374.40000000002334,10,4,0,22,24,7,12,5,50
405,2019-12-13 13:00:00,246.09999999997672,10,4,0,22,24,7,13,5,50
406,2019-12-13 14:00:00,623.9000000000233,10,4,0,22,24,7,14,5,50
407,2019-12-13 15:00:00,571.6999999999534,10,4,0,22,24,7,15,5,50
408,2019-12-13 16:00:00,575.5999999999767,10,4,0,22,24,7,16,5,50
409,2019-12-13 17:00:00,154.5,10,4,0,22,24,7,17,5,50
410,2019-12-14 06:00:00,545.1000000000931,5,-4,1,6,45,0,6,6,50
411,2019-12-15 14:00:00,540.6000000000931,5,4,1,4,53,4,14,7,50
412,2019-12-15 15:00:00,584.3999999999069,5,4,1,4,53,4,15,7,50
413,2019-12-15 16:00:00,587.2000000000697,5,4,1,4,53,4,16,7,50
414,2019-12-15 17:00:00,560.0,5,4,1,4,53,4,17,7,50
415,2019-12-15 23:00:00,312.4000000000233,4,2,1,4,68,3,23,7,50
416,2019-12-16 00:00:00,593.7999999999303,2,1,0,3,92,1,0,1,51
417,2019-12-16 01:00:00,580.5999999999767,2,1,0,3,92,1,1,1,51
418,2019-12-16 02:00:00,580.2000000000697,2,1,0,3,92,1,2,1,51
419,2019-12-16 03:00:00,578.9000000000233,2,1,0,3,92,1,3,1,51
420,2019-12-16 04:00:00,570.0999999999767,2,1,0,3,92,1,4,1,51
421,2019-12-16 05:00:00,571.5,2,1,0,3,92,1,5,1,51
422,2019-12-16 06:00:00,547.2999999999302,2,1,0,9,98,1,6,1,51
423,2019-12-16 07:00:00,918.4000000000232,2,1,0,9,98,1,7,1,51
424,2019-12-16 08:00:00,885.5,2,1,0,9,98,1,8,1,51
425,2019-12-16 09:00:00,550.2000000000698,2,1,0,9,98,1,9,1,51
426,2019-12-16 10:00:00,431.7999999999302,2,1,0,9,98,1,10,1,51
427,2019-12-16 11:00:00,490.5999999999767,2,1,0,9,98,1,11,1,51
428,2019-12-16 12:00:00,576.9000000000233,2,1,0,8,95,1,12,1,51
429,2019-12-16 13:00:00,564.4000000000233,2,1,0,8,95,1,13,1,51
430,2019-12-16 14:00:00,570.6999999999534,2,1,0,8,95,1,14,1,51
431,2019-12-16 15:00:00,565.5,2,1,0,8,95,1,15,1,51
432,2019-12-16 16:00:00,570.6000000000931,2,1,0,8,95,1,16,1,51
433,2019-12-17 04:00:00,169.69999999995343,1,0,0,18,79,0,4,2,51
434,2019-12-17 05:00:00,574.7000000000697,1,0,0,18,79,0,5,2,51
435,2019-12-17 06:00:00,557.0999999999766,3,0,0,32,51,1,6,2,51
436,2019-12-17 07:00:00,1003.4000000000232,3,0,0,32,51,1,7,2,51
437,2019-12-17 08:00:00,960.1999999999533,3,0,0,32,51,1,8,2,51
438,2019-12-17 09:00:00,575.0,3,0,0,32,51,1,9,2,51
439,2019-12-17 10:00:00,415.80000000004657,3,0,0,32,51,1,10,2,51
440,2019-12-17 11:00:00,547.1999999999534,3,0,0,32,51,1,11,2,51
441,2019-12-17 12:00:00,613.0999999999767,4,0,0,29,37,2,12,2,51
442,2019-12-17 13:00:00,610.7000000000697,4,0,0,29,37,2,13,2,51
443,2019-12-17 14:00:00,607.4000000000233,4,0,0,29,37,2,14,2,51
444,2019-12-17 15:00:00,566.2999999999303,4,0,0,29,37,2,15,2,51
445,2019-12-17 16:00:00,565.0,4,0,0,29,37,2,16,2,51
446,2019-12-17 17:00:00,151.80000000004657,4,0,0,29,37,2,17,2,51
447,2019-12-18 04:00:00,208.0,-3,-6,0,8,53,-4,4,3,51
448,2019-12-18 05:00:00,574.6999999999534,-3,-6,0,8,53,-4,5,3,51
449,2019-12-18 06:00:00,560.3000000000466,2,-6,0,2,47,-2,6,3,51
450,2019-12-18 07:00:00,994.2999999999304,2,-6,0,2,47,-2,7,3,51
451,2019-12-18 08:00:00,935.1000000000932,2,-6,0,2,47,-2,8,3,51
452,2019-12-18 09:00:00,555.7999999999302,2,-6,0,2,47,-2,9,3,51
453,2019-12-18 10:00:00,418.0999999999767,2,-6,0,2,47,-2,10,3,51
454,2019-12-18 11:00:00,545.8000000000466,2,-6,0,2,47,-2,11,3,51
455,2019-12-18 12:00:00,603.9000000000233,3,1,0,8,32,2,12,3,51
456,2019-12-18 13:00:00,607.5,3,1,0,8,32,2,13,3,51
457,2019-12-18 14:00:00,600.1999999999534,3,1,0,8,32,2,14,3,51
458,2019-12-18 15:00:00,569.3000000000466,3,1,0,8,32,2,15,3,51
459,2019-12-18 16:00:00,559.0999999999766,3,1,0,8,32,2,16,3,51
460,2019-12-19 04:00:00,238.89999999990692,0,-4,0,4,61,-2,4,4,51
461,2019-12-19 05:00:00,569.5,0,-4,0,4,61,-2,5,4,51
462,2019-12-19 06:00:00,553.9000000000234,0,-3,0,22,50,-1,6,4,51
463,2019-12-19 07:00:00,839.4000000000232,0,-3,0,22,50,-1,7,4,51
464,2019-12-19 08:00:00,1015.0,0,-3,0,22,50,-1,8,4,51
465,2019-12-19 09:00:00,545.5999999999766,0,-3,0,22,50,-1,9,4,51
466,2019-12-19 10:00:00,433.30000000004657,0,-3,0,22,50,-1,10,4,51
467,2019-12-19 11:00:00,505.40000000002334,0,-3,0,22,50,-1,11,4,51
468,2019-12-19 12:00:00,643.0999999999767,0,-5,0,24,33,-2,12,4,51
469,2019-12-19 13:00:00,629.4000000000233,0,-5,0,24,33,-2,13,4,51
470,2019-12-19 14:00:00,596.5,0,-5,0,24,33,-2,14,4,51
471,2019-12-19 15:00:00,588.5,0,-5,0,24,33,-2,15,4,51
472,2019-12-19 16:00:00,563.8999999999069,0,-5,0,24,33,-2,16,4,51
473,2019-12-19 17:00:00,103.60000000009312,0,-5,0,24,33,-2,17,4,51
474,2019-12-20 04:00:00,313.2999999999301,-4,-8,0,3,56,-6,4,5,51
475,2019-12-20 05:00:00,563.0,-4,-8,0,3,56,-6,5,5,51
476,2019-12-20 06:00:00,568.3000000000466,1,-8,0,5,52,-3,6,5,51
477,2019-12-20 07:00:00,569.4000000000233,1,-8,0,5,52,-3,7,5,51
478,2019-12-20 08:00:00,558.8999999999069,1,-8,0,5,52,-3,8,5,51
479,2019-12-20 09:00:00,561.5,1,-8,0,5,52,-3,9,5,51
480,2019-12-20 10:00:00,683.6000000000931,1,-8,0,5,52,-3,10,5,51
481,2019-12-20 11:00:00,1079.5999999999767,1,-8,0,5,52,-3,11,5,51
482,2019-12-20 12:00:00,685.4000000000233,2,-1,0,8,32,0,12,5,51
483,2019-12-20 13:00:00,527.6999999999534,2,-1,0,8,32,0,13,5,51
484,2019-12-20 14:00:00,352.09999999997666,2,-1,0,8,32,0,14,5,51
485,2019-12-20 15:00:00,502.80000000004657,2,-1,0,8,32,0,15,5,51
486,2019-12-20 16:00:00,568.5999999999767,2,-1,0,8,32,0,16,5,51
487,2019-12-20 17:00:00,557.9000000000234,2,-1,0,8,32,0,17,5,51
488,2019-12-20 18:00:00,553.1999999999534,-1,-5,0,2,67,-3,18,5,51
489,2019-12-20 19:00:00,556.4000000000234,-1,-5,0,2,67,-3,19,5,51
490,2019-12-20 20:00:00,546.6999999999534,-1,-5,0,2,67,-3,20,5,51
491,2019-12-20 21:00:00,559.0,-1,-5,0,2,67,-3,21,5,51
492,2019-12-21 04:00:00,560.7000000000698,-3,-7,1,1,77,-5,4,6,51
493,2019-12-21 05:00:00,557.5999999999766,-3,-7,1,1,77,-5,5,6,51
494,2019-12-21 06:00:00,547.8000000000466,3,-7,1,3,65,-2,6,6,51
495,2019-12-21 07:00:00,557.0999999999766,3,-7,1,3,65,-2,7,6,51
496,2019-12-21 08:00:00,554.7999999999302,3,-7,1,3,65,-2,8,6,51
497,2019-12-21 09:00:00,543.4000000000234,3,-7,1,3,65,-2,9,6,51
498,2019-12-21 10:00:00,377.80000000004657,3,-7,1,3,65,-2,10,6,51
499,2019-12-21 11:00:00,493.90000000002334,3,-7,1,3,65,-2,11,6,51
500,2019-12-21 12:00:00,853.2999999999303,5,-2,1,6,34,1,12,6,51
501,2019-12-21 13:00:00,532.0,5,-2,1,6,34,1,13,6,51
502,2019-12-21 14:00:00,459.90000000002334,5,-2,1,6,34,1,14,6,51
503,2019-12-21 15:00:00,349.09999999997666,5,-2,1,6,34,1,15,6,51
504,2019-12-21 16:00:00,175.5,5,-2,1,6,34,1,16,6,51
505,2019-12-21 17:00:00,294.30000000004657,5,-2,1,6,34,1,17,6,51
506,2019-12-21 18:00:00,208.0,-1,-4,1,4,70,-2,18,6,51
507,2019-12-21 19:00:00,607.5,-1,-4,1,4,70,-2,19,6,51
508,2019-12-21 20:00:00,601.0999999999767,-1,-4,1,4,70,-2,20,6,51
509,2019-12-21 21:00:00,590.3000000000466,-1,-4,1,4,70,-2,21,6,51
510,2019-12-21 22:00:00,544.2999999999302,-1,-4,1,4,70,-2,22,6,51
511,2019-12-22 05:00:00,303.39999999990687,0,-3,1,4,75,-1,5,7,51
512,2019-12-22 06:00:00,590.9000000000233,2,-1,1,5,68,0,6,7,51
513,2019-12-22 07:00:00,581.8000000000466,2,-1,1,5,68,0,7,7,51
514,2019-12-22 08:00:00,587.2999999999303,2,-1,1,5,68,0,8,7,51
515,2019-12-22 09:00:00,576.5,2,-1,1,5,68,0,9,7,51
516,2019-12-22 10:00:00,584.9000000000233,2,-1,1,5,68,0,10,7,51
517,2019-12-22 11:00:00,583.5,2,-1,1,5,68,0,11,7,51
518,2019-12-22 12:00:00,572.5999999999767,3,-1,1,9,62,1,12,7,51
519,2019-12-22 13:00:00,586.4000000000233,3,-1,1,9,62,1,13,7,51
520,2019-12-22 14:00:00,570.0,3,-1,1,9,62,1,14,7,51
521,2019-12-22 15:00:00,582.5999999999767,3,-1,1,9,62,1,15,7,51
522,2019-12-22 16:00:00,579.6000000000931,3,-1,1,9,62,1,16,7,51
523,2019-12-22 17:00:00,569.6999999999534,3,-1,1,9,62,1,17,7,51
524,2019-12-22 18:00:00,577.6999999999534,-1,-5,1,2,78,-3,18,7,51
525,2019-12-23 06:00:00,119.59999999997672,2,-3,0,8,82,0,6,1,52
526,2019-12-23 07:00:00,1103.5,2,-3,0,8,82,0,7,1,52
527,2019-12-23 08:00:00,767.0999999999768,2,-3,0,8,82,0,8,1,52
528,2019-12-23 09:00:00,510.80000000004657,2,-3,0,8,82,0,9,1,52
529,2019-12-23 10:00:00,387.90000000002334,2,-3,0,8,82,0,10,1,52
530,2019-12-23 11:00:00,495.5,2,-3,0,8,82,0,11,1,52
531,2019-12-23 12:00:00,598.2999999999303,2,0,0,10,60,1,12,1,52
532,2019-12-23 13:00:00,594.0999999999767,2,0,0,10,60,1,13,1,52
533,2019-12-23 14:00:00,597.7000000000697,2,0,0,10,60,1,14,1,52
534,2019-12-23 15:00:00,587.5,2,0,0,10,60,1,15,1,52
535,2019-12-23 16:00:00,588.4000000000233,2,0,0,10,60,1,16,1,52
536,2019-12-24 04:00:00,116.29999999993015,-2,-3,0,1,85,-2,4,2,52
537,2019-12-24 05:00:00,596.4000000000233,-2,-3,0,1,85,-2,5,2,52
538,2019-12-24 06:00:00,588.5999999999767,1,-3,0,5,80,-1,6,2,52
539,2019-12-24 07:00:00,848.9000000000232,1,-3,0,5,80,-1,7,2,52
540,2019-12-24 08:00:00,1024.0999999999767,1,-3,0,5,80,-1,8,2,52
541,2019-12-24 09:00:00,536.2000000000698,1,-3,0,5,80,-1,9,2,52
542,2019-12-24 10:00:00,411.7999999999302,1,-3,0,5,80,-1,10,2,52
543,2019-12-24 11:00:00,562.7000000000698,1,-3,0,5,80,-1,11,2,52
544,2019-12-24 12:00:00,598.4000000000233,2,1,0,7,65,1,12,2,52
545,2019-12-24 13:00:00,592.8999999999069,2,1,0,7,65,1,13,2,52
546,2019-12-24 14:00:00,581.8000000000466,2,1,0,7,65,1,14,2,52
547,2019-12-24 15:00:00,587.4000000000233,2,1,0,7,65,1,15,2,52
548,2019-12-24 16:00:00,225.59999999997672,2,1,0,7,65,1,16,2,52
549,2019-12-25 04:00:00,317.5999999999767,0,-3,0,5,82,-1,4,3,52
550,2019-12-25 05:00:00,592.2000000000697,0,-3,0,5,82,-1,5,3,52
551,2019-12-25 06:00:00,559.7999999999302,3,-3,0,8,80,0,6,3,52
552,2019-12-25 07:00:00,931.0,3,-3,0,8,80,0,7,3,52
553,2019-12-25 08:00:00,1000.3000000000467,3,-3,0,8,80,0,8,3,52
554,2019-12-25 09:00:00,557.1999999999534,3,-3,0,8,80,0,9,3,52
555,2019-12-25 10:00:00,429.2000000000698,3,-3,0,8,80,0,10,3,52
556,2019-12-25 11:00:00,525.3999999999069,3,-3,0,8,80,0,11,3,52
557,2019-12-25 12:00:00,593.4000000000233,5,0,0,14,49,2,12,3,52
558,2019-12-25 13:00:00,594.5,5,0,0,14,49,2,13,3,52
559,2019-12-25 14:00:00,581.5999999999767,5,0,0,14,49,2,14,3,52
560,2019-12-25 15:00:00,587.9000000000233,5,0,0,14,49,2,15,3,52
561,2019-12-25 16:00:00,590.0,5,0,0,14,49,2,16,3,52
562,2019-12-26 04:00:00,230.6000000000932,0,-5,0,3,79,-2,4,4,52
563,2019-12-26 05:00:00,590.5999999999767,0,-5,0,3,79,-2,5,4,52
564,2019-12-26 06:00:00,535.0,3,-5,0,4,73,-1,6,4,52
565,2019-12-26 07:00:00,970.5999999999768,3,-5,0,4,73,-1,7,4,52
566,2019-12-26 08:00:00,972.5999999999768,3,-5,0,4,73,-1,8,4,52
567,2019-12-26 09:00:00,530.3000000000466,3,-5,0,4,73,-1,9,4,52
568,2019-12-26 10:00:00,391.90000000002334,3,-5,0,4,73,-1,10,4,52
569,2019-12-26 11:00:00,491.5999999999767,3,-5,0,4,73,-1,11,4,52
570,2019-12-26 12:00:00,652.1999999999534,4,0,0,14,27,2,12,4,52
571,2019-12-26 13:00:00,620.7000000000697,4,0,0,14,27,2,13,4,52
572,2019-12-26 14:00:00,639.2999999999303,4,0,0,14,27,2,14,4,52
573,2019-12-26 15:00:00,583.3000000000466,4,0,0,14,27,2,15,4,52
574,2019-12-26 16:00:00,592.0999999999767,4,0,0,14,27,2,16,4,52
575,2019-12-27 04:00:00,354.09999999997666,-1,-6,0,5,56,-3,4,5,52
576,2019-12-27 05:00:00,599.6000000000931,-1,-6,0,5,56,-3,5,5,52
577,2019-12-27 06:00:00,566.2999999999303,3,-6,0,7,55,-1,6,5,52
578,2019-12-27 07:00:00,903.3000000000467,3,-6,0,7,55,-1,7,5,52
579,2019-12-27 08:00:00,981.6999999999533,3,-6,0,7,55,-1,8,5,52
580,2019-12-27 09:00:00,593.8000000000466,3,-6,0,7,55,-1,9,5,52
581,2019-12-27 10:00:00,470.5,3,-6,0,7,55,-1,10,5,52
582,2019-12-27 11:00:00,376.69999999995343,3,-6,0,7,55,-1,11,5,52
583,2019-12-27 12:00:00,326.5,5,2,0,5,39,3,12,5,52
584,2019-12-27 13:00:00,286.4000000000233,5,2,0,5,39,3,13,5,52
585,2019-12-27 14:00:00,243.80000000004657,5,2,0,5,39,3,14,5,52
586,2019-12-27 15:00:00,180.39999999990692,5,2,0,5,39,3,15,5,52
587,2019-12-27 16:00:00,150.90000000002328,5,2,0,5,39,3,16,5,52
588,2019-12-29 08:00:00,248.30000000004657,5,-2,1,8,81,1,8,7,52
589,2019-12-29 09:00:00,623.4000000000233,5,-2,1,8,81,1,9,7,52
590,2019-12-29 10:00:00,612.0,5,-2,1,8,81,1,10,7,52
591,2019-12-29 11:00:00,609.2999999999303,5,-2,1,8,81,1,11,7,52
592,2019-12-29 12:00:00,248.80000000004657,5,1,1,10,72,3,12,7,52
593,2019-12-29 20:00:00,298.69999999995343,2,-1,1,22,57,0,20,7,52
594,2019-12-29 21:00:00,603.5,2,-1,1,22,57,0,21,7,52
595,2019-12-29 22:00:00,594.0,2,-1,1,22,57,0,22,7,52
596,2019-12-29 23:00:00,587.5,2,-1,1,22,57,0,23,7,52
597,2019-12-30 00:00:00,592.7000000000697,0,-6,0,30,32,-3,0,1,1
598,2019-12-30 01:00:00,578.1999999999534,0,-6,0,30,32,-3,1,1,1
599,2019-12-30 02:00:00,590.8000000000466,0,-6,0,30,32,-3,2,1,1
600,2019-12-30 03:00:00,579.1999999999534,0,-6,0,30,32,-3,3,1,1
601,2019-12-30 04:00:00,586.1999999999534,0,-6,0,30,32,-3,4,1,1
602,2019-12-30 05:00:00,587.0,0,-6,0,30,32,-3,5,1,1
603,2019-12-30 06:00:00,575.8000000000466,-5,-8,0,37,26,-6,6,1,1
604,2019-12-30 07:00:00,582.6999999999534,-5,-8,0,37,26,-6,7,1,1
605,2019-12-30 08:00:00,687.9000000000232,-5,-8,0,37,26,-6,8,1,1
606,2019-12-30 09:00:00,985.0999999999768,-5,-8,0,37,26,-6,9,1,1
607,2019-12-30 10:00:00,586.8000000000466,-5,-8,0,37,26,-6,10,1,1
608,2019-12-30 11:00:00,597.9000000000233,-5,-8,0,37,26,-6,11,1,1
609,2019-12-30 12:00:00,641.5,-5,-7,0,43,21,-6,12,1,1
610,2019-12-30 13:00:00,624.5999999999767,-5,-7,0,43,21,-6,13,1,1
611,2019-12-30 14:00:00,639.6999999999534,-5,-7,0,43,21,-6,14,1,1
612,2019-12-30 15:00:00,590.6000000000931,-5,-7,0,43,21,-6,15,1,1
613,2019-12-30 16:00:00,590.0,-5,-7,0,43,21,-6,16,1,1
614,2019-12-31 03:00:00,432.5,-11,-12,0,8,39,-11,3,2,1
615,2019-12-31 04:00:00,592.5,-11,-12,0,8,39,-11,4,2,1
616,2019-12-31 05:00:00,593.6999999999534,-11,-12,0,8,39,-11,5,2,1
617,2019-12-31 06:00:00,587.8000000000466,-5,-11,0,6,32,-8,6,2,1
618,2019-12-31 07:00:00,586.4000000000233,-5,-11,0,6,32,-8,7,2,1
619,2019-12-31 08:00:00,583.3999999999069,-5,-11,0,6,32,-8,8,2,1
620,2019-12-31 09:00:00,583.5,-5,-11,0,6,32,-8,9,2,1
621,2019-12-31 10:00:00,835.9000000000232,-5,-11,0,6,32,-8,10,2,1
622,2019-12-31 11:00:00,975.7000000000696,-5,-11,0,6,32,-8,11,2,1
623,2019-12-31 12:00:00,606.6999999999534,-3,-5,0,11,23,-4,12,2,1
624,2019-12-31 13:00:00,538.4000000000234,-3,-5,0,11,23,-4,13,2,1
625,2019-12-31 14:00:00,415.19999999995343,-3,-5,0,11,23,-4,14,2,1
626,2019-12-31 15:00:00,366.80000000004657,-3,-5,0,11,23,-4,15,2,1
627,2019-12-31 16:00:00,592.2999999999303,-3,-5,0,11,23,-4,16,2,1
628,2019-12-31 17:00:00,247.1000000000932,-3,-5,0,11,23,-4,17,2,1
629,2020-01-01 05:00:00,395.2999999999302,-7,-10,0,2,58,-8,5,3,1
630,2020-01-01 06:00:00,601.5999999999767,-1,-10,0,2,48,-5,6,3,1
631,2020-01-01 07:00:00,545.0,-1,-10,0,2,48,-5,7,3,1
632,2020-01-01 11:00:00,546.6000000000931,-1,-10,0,2,48,-5,11,3,1
633,2020-01-01 12:00:00,594.0999999999767,1,-4,0,3,34,-1,12,3,1
634,2020-01-01 13:00:00,594.6999999999534,1,-4,0,3,34,-1,13,3,1
635,2020-01-01 14:00:00,583.2000000000697,1,-4,0,3,34,-1,14,3,1
636,2020-01-01 15:00:00,590.5,1,-4,0,3,34,-1,15,3,1
637,2020-01-01 16:00:00,588.8999999999069,1,-4,0,3,34,-1,16,3,1
638,2020-01-01 17:00:00,578.4000000000233,1,-4,0,3,34,-1,17,3,1
639,2020-01-01 18:00:00,581.7000000000697,-3,-7,0,3,63,-5,18,3,1
640,2020-01-01 19:00:00,574.5999999999767,-3,-7,0,3,63,-5,19,3,1
641,2020-01-01 20:00:00,588.5,-3,-7,0,3,63,-5,20,3,1
642,2020-01-01 21:00:00,572.7999999999303,-3,-7,0,3,63,-5,21,3,1
643,2020-01-01 22:00:00,577.1000000000931,-3,-7,0,3,63,-5,22,3,1
644,2020-01-01 23:00:00,580.8999999999069,-3,-7,0,3,63,-5,23,3,1
645,2020-01-02 00:00:00,582.5,-6,-9,0,1,79,-7,0,4,1
646,2020-01-02 01:00:00,571.5,-6,-9,0,1,79,-7,1,4,1
647,2020-01-02 02:00:00,582.2000000000697,-6,-9,0,1,79,-7,2,4,1
648,2020-01-02 03:00:00,569.0999999999767,-6,-9,0,1,79,-7,3,4,1
649,2020-01-02 04:00:00,579.5,-6,-9,0,1,79,-7,4,4,1
650,2020-01-02 05:00:00,572.9000000000233,-6,-9,0,1,79,-7,5,4,1
651,2020-01-02 06:00:00,566.5,3,-9,0,4,63,-3,6,4,1
652,2020-01-02 07:00:00,736.2999999999303,3,-9,0,4,63,-3,7,4,1
653,2020-01-02 08:00:00,753.6000000000931,3,-9,0,4,63,-3,8,4,1
654,2020-01-02 09:00:00,484.2999999999302,3,-9,0,4,63,-3,9,4,1
655,2020-01-02 10:00:00,412.0,3,-9,0,4,63,-3,10,4,1
656,2020-01-02 11:00:00,536.7000000000698,3,-9,0,4,63,-3,11,4,1
657,2020-01-02 12:00:00,599.0999999999767,5,2,0,8,24,3,12,4,1
658,2020-01-02 13:00:00,607.0999999999767,5,2,0,8,24,3,13,4,1
659,2020-01-02 14:00:00,585.3000000000466,5,2,0,8,24,3,14,4,1
660,2020-01-02 15:00:00,573.6999999999534,5,2,0,8,24,3,15,4,1
661,2020-01-02 16:00:00,588.3000000000466,5,2,0,8,24,3,16,4,1
662,2020-01-02 17:00:00,578.5999999999767,5,2,0,8,24,3,17,4,1
663,2020-01-02 18:00:00,572.0,2,-4,0,2,44,-1,18,4,1
664,2020-01-02 19:00:00,585.6999999999534,2,-4,0,2,44,-1,19,4,1
665,2020-01-02 20:00:00,566.0999999999767,2,-4,0,2,44,-1,20,4,1
666,2020-01-02 21:00:00,580.7000000000697,2,-4,0,2,44,-1,21,4,1
667,2020-01-02 22:00:00,578.7999999999303,2,-4,0,2,44,-1,22,4,1
668,2020-01-02 23:00:00,573.9000000000233,2,-4,0,2,44,-1,23,4,1
669,2020-01-03 00:00:00,575.9000000000233,-3,-7,0,2,63,-5,0,5,1
670,2020-01-03 01:00:00,573.1999999999534,-3,-7,0,2,63,-5,1,5,1
671,2020-01-03 02:00:00,575.8000000000466,-3,-7,0,2,63,-5,2,5,1
672,2020-01-03 03:00:00,567.3000000000466,-3,-7,0,2,63,-5,3,5,1
673,2020-01-03 04:00:00,577.2999999999303,-3,-7,0,2,63,-5,4,5,1
674,2020-01-03 05:00:00,575.0999999999767,-3,-7,0,2,63,-5,5,5,1
675,2020-01-03 06:00:00,567.9000000000233,5,-6,0,5,46,0,6,5,1
676,2020-01-03 07:00:00,574.5,5,-6,0,5,46,0,7,5,1
677,2020-01-03 08:00:00,523.3000000000466,5,-6,0,5,46,0,8,5,1
678,2020-01-03 09:00:00,611.0,5,-6,0,5,46,0,9,5,1
679,2020-01-03 10:00:00,533.5,5,-6,0,5,46,0,10,5,1
680,2020-01-03 11:00:00,294.5,5,-6,0,5,46,0,11,5,1
681,2020-01-03 12:00:00,373.90000000002334,7,3,0,6,26,5,12,5,1
682,2020-01-03 13:00:00,385.7999999999302,7,3,0,6,26,5,13,5,1
683,2020-01-03 14:00:00,386.2000000000698,7,3,0,6,26,5,14,5,1
684,2020-01-03 15:00:00,370.89999999990687,7,3,0,6,26,5,15,5,1
685,2020-01-03 16:00:00,371.2000000000698,7,3,0,6,26,5,16,5,1
686,2020-01-03 17:00:00,138.59999999997672,7,3,0,6,26,5,17,5,1
687,2020-01-04 04:00:00,578.5999999999767,-3,-6,1,1,71,-4,4,6,1
688,2020-01-04 05:00:00,580.2000000000697,-3,-6,1,1,71,-4,5,6,1
689,2020-01-04 06:00:00,583.7999999999303,6,-6,1,2,60,0,6,6,1
690,2020-01-04 07:00:00,576.5,6,-6,1,2,60,0,7,6,1
691,2020-01-04 08:00:00,583.4000000000233,6,-6,1,2,60,0,8,6,1
692,2020-01-04 09:00:00,572.9000000000233,6,-6,1,2,60,0,9,6,1
693,2020-01-04 10:00:00,531.9000000000234,6,-6,1,2,60,0,10,6,1
694,2020-01-04 11:00:00,628.3999999999069,6,-6,1,2,60,0,11,6,1
695,2020-01-04 12:00:00,573.1000000000931,9,2,1,9,30,5,12,6,1
696,2020-01-04 13:00:00,577.5999999999767,9,2,1,9,30,5,13,6,1
697,2020-01-04 14:00:00,339.0999999999767,9,2,1,9,30,5,14,6,1
698,2020-01-04 23:00:00,548.9000000000234,2,-2,1,3,78,0,23,6,1
699,2020-01-05 00:00:00,589.5,-2,-6,1,3,91,-4,0,7,1
700,2020-01-05 01:00:00,596.4000000000233,-2,-6,1,3,91,-4,1,7,1
701,2020-01-05 02:00:00,592.7999999999303,-2,-6,1,3,91,-4,2,7,1
702,2020-01-05 03:00:00,577.3000000000466,-2,-6,1,3,91,-4,3,7,1
703,2020-01-05 04:00:00,587.9000000000233,-2,-6,1,3,91,-4,4,7,1
704,2020-01-05 05:00:00,580.1999999999534,-2,-6,1,3,91,-4,5,7,1
705,2020-01-05 06:00:00,588.1999999999534,2,-5,1,7,84,-1,6,7,1
706,2020-01-05 07:00:00,136.90000000002328,2,-5,1,7,84,-1,7,7,1
707,2020-01-05 14:00:00,326.0999999999767,4,2,1,9,65,3,14,7,1
708,2020-01-05 15:00:00,101.10000000009312,4,2,1,9,65,3,15,7,1
709,2020-01-05 16:00:00,584.0999999999767,4,2,1,9,65,3,16,7,1
710,2020-01-05 17:00:00,549.5,4,2,1,9,65,3,17,7,1
711,2020-01-05 23:00:00,558.7999999999302,3,0,1,6,82,1,23,7,1
712,2020-01-06 00:00:00,604.8000000000466,0,0,0,6,95,0,0,1,2
713,2020-01-06 01:00:00,584.5999999999767,0,0,0,6,95,0,1,1,2
714,2020-01-06 02:00:00,593.2000000000697,0,0,0,6,95,0,2,1,2
715,2020-01-06 03:00:00,577.0,0,0,0,6,95,0,3,1,2
716,2020-01-06 04:00:00,588.3999999999069,0,0,0,6,95,0,4,1,2
717,2020-01-06 05:00:00,577.9000000000233,0,0,0,6,95,0,5,1,2
718,2020-01-06 06:00:00,515.5,0,0,0,6,94,0,6,1,2
719,2020-01-06 07:00:00,765.9000000000232,0,0,0,6,94,0,7,1,2
720,2020-01-06 08:00:00,684.5999999999767,0,0,0,6,94,0,8,1,2
721,2020-01-06 09:00:00,465.30000000004657,0,0,0,6,94,0,9,1,2
722,2020-01-06 10:00:00,371.0999999999767,0,0,0,6,94,0,10,1,2
723,2020-01-06 11:00:00,515.8000000000466,0,0,0,6,94,0,11,1,2
724,2020-01-06 12:00:00,581.7999999999303,1,0,0,10,92,0,12,1,2
725,2020-01-06 13:00:00,584.9000000000233,1,0,0,10,92,0,13,1,2
726,2020-01-06 14:00:00,575.0,1,0,0,10,92,0,14,1,2
727,2020-01-06 15:00:00,417.30000000004657,1,0,0,10,92,0,15,1,2
728,2020-01-06 16:00:00,371.5,1,0,0,10,92,0,16,1,2
729,2020-01-07 04:00:00,453.7999999999302,0,0,0,10,87,0,4,2,2
730,2020-01-07 05:00:00,584.5,0,0,0,10,87,0,5,2,2
731,2020-01-07 06:00:00,546.5,2,-1,0,13,75,0,6,2,2
732,2020-01-07 07:00:00,923.2000000000696,2,-1,0,13,75,0,7,2,2
733,2020-01-07 08:00:00,846.3999999999069,2,-1,0,13,75,0,8,2,2
734,2020-01-07 09:00:00,513.0,2,-1,0,13,75,0,9,2,2
735,2020-01-07 10:00:00,409.60000000009313,2,-1,0,13,75,0,10,2,2
736,2020-01-07 11:00:00,434.39999999990687,2,-1,0,13,75,0,11,2,2
737,2020-01-07 12:00:00,597.7000000000697,2,0,0,17,54,1,12,2,2
738,2020-01-07 13:00:00,577.6999999999534,2,0,0,17,54,1,13,2,2
739,2020-01-07 14:00:00,585.5999999999767,2,0,0,17,54,1,14,2,2
740,2020-01-07 15:00:00,581.4000000000233,2,0,0,17,54,1,15,2,2
741,2020-01-07 16:00:00,572.5,2,0,0,17,54,1,16,2,2
742,2020-01-07 17:00:00,110.30000000004655,2,0,0,17,54,1,17,2,2
743,2020-01-08 04:00:00,282.69999999995343,0,-2,0,24,48,-1,4,3,2
744,2020-01-08 05:00:00,591.5,0,-2,0,24,48,-1,5,3,2
745,2020-01-08 06:00:00,534.5999999999766,3,-3,0,21,42,0,6,3,2
746,2020-01-08 07:00:00,959.4000000000232,3,-3,0,21,42,0,7,3,2
747,2020-01-08 08:00:00,888.2000000000697,3,-3,0,21,42,0,8,3,2
748,2020-01-08 09:00:00,514.5,3,-3,0,21,42,0,9,3,2
749,2020-01-08 10:00:00,391.89999999990687,3,-3,0,21,42,0,10,3,2
750,2020-01-08 11:00:00,539.7000000000698,3,-3,0,21,42,0,11,3,2
751,2020-01-08 12:00:00,636.0,5,1,0,16,33,3,12,3,2
752,2020-01-08 13:00:00,615.2999999999303,5,1,0,16,33,3,13,3,2
753,2020-01-08 14:00:00,617.8000000000466,5,1,0,16,33,3,14,3,2
754,2020-01-08 15:00:00,585.1999999999534,5,1,0,16,33,3,15,3,2
755,2020-01-08 16:00:00,326.5,5,1,0,16,33,3,16,3,2
756,2020-01-09 03:00:00,358.7000000000698,-4,-6,0,2,79,-5,3,4,2
757,2020-01-09 04:00:00,578.0,-4,-6,0,2,79,-5,4,4,2
758,2020-01-09 05:00:00,573.0999999999767,-4,-6,0,2,79,-5,5,4,2
759,2020-01-09 06:00:00,539.4000000000234,4,-7,0,2,72,-1,6,4,2
760,2020-01-09 07:00:00,918.7999999999304,4,-7,0,2,72,-1,7,4,2
761,2020-01-09 08:00:00,853.6000000000931,4,-7,0,2,72,-1,8,4,2
762,2020-01-09 09:00:00,539.5,4,-7,0,2,72,-1,9,4,2
763,2020-01-09 10:00:00,464.0999999999767,4,-7,0,2,72,-1,10,4,2
764,2020-01-09 11:00:00,306.69999999995343,4,-7,0,2,72,-1,11,4,2
765,2020-01-09 12:00:00,605.7000000000697,5,2,0,8,39,3,12,4,2
766,2020-01-09 13:00:00,612.3999999999069,5,2,0,8,39,3,13,4,2
767,2020-01-09 14:00:00,600.8000000000466,5,2,0,8,39,3,14,4,2
768,2020-01-09 15:00:00,566.6999999999534,5,2,0,8,39,3,15,4,2
769,2020-01-10 02:00:00,363.80000000004657,1,-4,0,2,66,-1,2,5,2
770,2020-01-10 03:00:00,585.9000000000233,1,-4,0,2,66,-1,3,5,2
771,2020-01-10 04:00:00,588.1999999999534,1,-4,0,2,66,-1,4,5,2
772,2020-01-10 05:00:00,582.5,1,-4,0,2,66,-1,5,5,2
773,2020-01-10 06:00:00,539.4000000000234,4,-3,0,9,59,0,6,5,2
774,2020-01-10 07:00:00,769.1999999999533,4,-3,0,9,59,0,7,5,2
775,2020-01-10 08:00:00,904.4000000000232,4,-3,0,9,59,0,8,5,2
776,2020-01-10 09:00:00,498.0,4,-3,0,9,59,0,9,5,2
777,2020-01-10 10:00:00,425.2000000000698,4,-3,0,9,59,0,10,5,2
778,2020-01-10 11:00:00,357.39999999990687,4,-3,0,9,59,0,11,5,2
779,2020-01-10 12:00:00,307.6000000000932,5,3,0,13,32,4,12,5,2
780,2020-01-10 13:00:00,274.19999999995343,5,3,0,13,32,4,13,5,2
781,2020-01-10 14:00:00,242.30000000004657,5,3,0,13,32,4,14,5,2
782,2020-01-10 15:00:00,198.5,5,3,0,13,32,4,15,5,2
783,2020-01-10 16:00:00,132.09999999997672,5,3,0,13,32,4,16,5,2
784,2020-01-12 03:00:00,502.69999999995343,0,-5,1,2,64,-2,3,7,2
785,2020-01-12 04:00:00,594.5,0,-5,1,2,64,-2,4,7,2
786,2020-01-12 05:00:00,600.5,0,-5,1,2,64,-2,5,7,2
787,2020-01-12 06:00:00,546.3000000000466,2,-6,1,4,56,-2,6,7,2
788,2020-01-12 15:00:00,324.4000000000233,2,-1,1,10,34,0,15,7,2
789,2020-01-12 16:00:00,606.0,2,-1,1,10,34,0,16,7,2
790,2020-01-12 17:00:00,487.19999999995343,2,-1,1,10,34,0,17,7,2
791,2020-01-12 23:00:00,444.69999999995343,0,-4,1,4,51,-2,23,7,2
792,2020-01-13 00:00:00,599.5,-2,-8,0,14,45,-5,0,1,3
793,2020-01-13 01:00:00,607.5,-2,-8,0,14,45,-5,1,1,3
794,2020-01-13 02:00:00,589.1000000000931,-2,-8,0,14,45,-5,2,1,3
795,2020-01-13 03:00:00,598.0,-2,-8,0,14,45,-5,3,1,3
796,2020-01-13 04:00:00,592.0,-2,-8,0,14,45,-5,4,1,3
797,2020-01-13 05:00:00,582.5999999999767,-2,-8,0,14,45,-5,5,1,3
798,2020-01-13 06:00:00,544.4000000000234,-6,-8,0,14,48,-7,6,1,3
799,2020-01-13 07:00:00,892.0999999999768,-6,-8,0,14,48,-7,7,1,3
800,2020-01-13 08:00:00,905.2999999999304,-6,-8,0,14,48,-7,8,1,3
801,2020-01-13 09:00:00,569.2000000000697,-6,-8,0,14,48,-7,9,1,3
802,2020-01-13 10:00:00,487.0,-6,-8,0,14,48,-7,10,1,3
803,2020-01-13 11:00:00,463.69999999995343,-6,-8,0,14,48,-7,11,1,3
804,2020-01-13 12:00:00,628.4000000000233,-6,-8,0,14,48,-7,12,1,3
