时间,energy
2019-06-01 00:00:00,112649.804
2019-06-01 01:00:00,112677.898
2019-06-01 02:00:00,112705.304
2019-06-01 03:00:00,112732.398
2019-06-01 04:00:00,112758.898
2019-06-01 05:00:00,112785.804
2019-06-01 06:00:00,112812.601
2019-06-01 07:00:00,112839.898
2019-06-01 08:00:00,112869.601
2019-06-01 09:00:00,112898.70199999999
2019-06-01 10:00:00,112927.304
2019-06-01 11:00:00,112945.398
2019-06-01 12:00:00,112963.101
2019-06-01 13:00:00,112981.0
2019-06-01 14:00:00,112999.804
2019-06-01 15:00:00,113018.5
2019-06-01 16:00:00,113037.101
2019-06-01 17:00:00,113055.70199999999
2019-06-01 18:00:00,113075.304
2019-06-01 19:00:00,113094.601
2019-06-01 20:00:00,113113.304
2019-06-01 21:00:00,113132.0
2019-06-01 22:00:00,113150.804
2019-06-01 23:00:00,113169.0
2019-06-02 00:00:00,113187.398
2019-06-02 01:00:00,113205.304
2019-06-02 02:00:00,113223.601
2019-06-02 04:00:00,113257.898
2019-06-02 05:00:00,113274.804
2019-06-02 06:00:00,113291.898
2019-06-02 07:00:00,113308.804
2019-06-02 08:00:00,113326.601
2019-06-02 09:00:00,113344.304
2019-06-02 10:00:00,113363.0
2019-06-02 11:00:00,113382.0
2019-06-02 12:00:00,113400.304
2019-06-02 13:00:00,113418.898
2019-06-02 14:00:00,113438.398
2019-06-02 15:00:00,113460.5
2019-06-02 16:00:00,113481.5
2019-06-02 17:00:00,113504.0
2019-06-02 18:00:00,113524.398
2019-06-02 19:00:00,113544.398
2019-06-02 20:00:00,113565.304
2019-06-02 21:00:00,113586.0
2019-06-02 22:00:00,113605.601
2019-06-03 00:00:00,113640.898
2019-06-03 01:00:00,113658.398
2019-06-03 02:00:00,113675.398
2019-06-03 03:00:00,113692.398
2019-06-03 04:00:00,113709.101
2019-06-03 05:00:00,113725.304
2019-06-03 06:00:00,113741.898
2019-06-03 07:00:00,113764.398
2019-06-03 08:00:00,113808.601
2019-06-03 10:00:00,113876.804
2019-06-03 11:00:00,113905.601
2019-06-03 12:00:00,113934.898
2019-06-03 13:00:00,113967.101
2019-06-03 14:00:00,114012.5
2019-06-03 15:00:00,114068.101
2019-06-03 16:00:00,114131.0
2019-06-03 17:00:00,114165.601
2019-06-03 18:00:00,114192.601
2019-06-03 19:00:00,114218.304
2019-06-03 20:00:00,114242.601
2019-06-03 21:00:00,114263.804
2019-06-03 22:00:00,114282.0
2019-06-03 23:00:00,114299.5
2019-06-04 00:00:00,114316.70199999999
2019-06-04 01:00:00,114333.804
2019-06-04 02:00:00,114350.70199999999
2019-06-04 04:00:00,114382.304
2019-06-04 05:00:00,114397.601
2019-06-04 06:00:00,114413.20199999999
2019-06-04 07:00:00,114433.0
2019-06-04 08:00:00,114465.5
2019-06-04 09:00:00,114504.804
2019-06-04 10:00:00,114542.601
2019-06-04 11:00:00,114635.898
2019-06-04 12:00:00,114672.5
2019-06-04 13:00:00,114710.5
2019-06-04 14:00:00,114753.804
2019-06-04 15:00:00,114799.601
2019-06-04 16:00:00,114842.898
2019-06-04 17:00:00,114870.304
2019-06-04 18:00:00,114893.601
2019-06-04 19:00:00,114915.398
2019-06-04 20:00:00,114936.398
2019-06-04 21:00:00,114956.70199999999
2019-06-04 23:00:00,114993.101
2019-06-05 00:00:00,115009.804
2019-06-05 01:00:00,115026.304
2019-06-05 02:00:00,115042.804
2019-06-05 03:00:00,115058.898
2019-06-05 04:00:00,115074.804
2019-06-05 05:00:00,115090.601
2019-06-05 06:00:00,115106.5
2019-06-05 07:00:00,115127.601
2019-06-05 08:00:00,115160.101
2019-06-05 09:00:00,115205.5
2019-06-05 10:00:00,115254.101
2019-06-05 11:00:00,115301.5
2019-06-05 12:00:00,115348.398
2019-06-05 13:00:00,115399.70199999999
2019-06-05 14:00:00,115448.804
2019-06-05 15:00:00,115497.601
2019-06-05 16:00:00,115545.304
2019-06-05 17:00:00,115571.898
2019-06-05 18:00:00,115594.398
2019-06-05 19:00:00,115614.398
2019-06-05 20:00:00,115633.304
2019-06-05 21:00:00,115652.304
2019-06-05 22:00:00,115670.601
2019-06-05 23:00:00,115688.304
2019-06-06 00:00:00,115706.101
2019-06-06 01:00:00,115723.304
2019-06-06 02:00:00,115739.398
2019-06-06 03:00:00,115755.601
2019-06-06 04:00:00,115771.101
2019-06-06 05:00:00,115786.898
2019-06-06 06:00:00,115802.70199999999
2019-06-06 07:00:00,115822.0
2019-06-06 08:00:00,115850.0
2019-06-06 09:00:00,115887.398
2019-06-06 10:00:00,115926.101
2019-06-06 11:00:00,115966.5
2019-06-06 12:00:00,116004.898
2019-06-06 13:00:00,116065.304
2019-06-06 14:00:00,116144.601
2019-06-06 15:00:00,116180.304
2019-06-06 16:00:00,116208.304
2019-06-06 17:00:00,116234.5
2019-06-06 18:00:00,116256.601
2019-06-06 19:00:00,116276.398
2019-06-06 20:00:00,116295.898
2019-06-06 21:00:00,116314.20199999999
2019-06-06 22:00:00,116331.0
2019-06-06 23:00:00,116347.20199999999
2019-06-07 00:00:00,116363.304
2019-06-07 02:00:00,116394.601
2019-06-07 03:00:00,116409.804
2019-06-07 04:00:00,116424.398
2019-06-07 05:00:00,116438.804
2019-06-07 06:00:00,116453.5
2019-06-07 07:00:00,116468.304
2019-06-07 08:00:00,116486.398
2019-06-07 09:00:00,116504.101
2019-06-07 10:00:00,116521.304
2019-06-07 11:00:00,116538.601
2019-06-07 12:00:00,116556.601
2019-06-07 13:00:00,116573.70199999999
2019-06-07 14:00:00,116591.398
2019-06-07 15:00:00,116608.304
2019-06-07 16:00:00,116625.601
2019-06-07 17:00:00,116643.70199999999
2019-06-07 18:00:00,116662.101
2019-06-07 19:00:00,116680.101
2019-06-07 20:00:00,116698.398
2019-06-07 21:00:00,116716.601
2019-06-07 22:00:00,116734.804
2019-06-07 23:00:00,116752.20199999999
2019-06-08 00:00:00,116769.398
2019-06-08 01:00:00,116786.5
2019-06-08 02:00:00,116804.0
2019-06-08 03:00:00,116820.804
2019-06-08 04:00:00,116837.304
2019-06-08 05:00:00,116853.804
2019-06-08 06:00:00,116870.20199999999
2019-06-08 07:00:00,116886.601
2019-06-08 08:00:00,116903.70199999999
2019-06-08 09:00:00,116920.70199999999
2019-06-08 10:00:00,116938.101
2019-06-08 11:00:00,116955.804
2019-06-08 12:00:00,116974.101
2019-06-08 13:00:00,116993.20199999999
2019-06-08 14:00:00,117011.70199999999
2019-06-08 15:00:00,117030.804
2019-06-08 16:00:00,117049.304
2019-06-08 17:00:00,117067.601
2019-06-08 18:00:00,117085.70199999999
2019-06-08 19:00:00,117102.804
2019-06-08 21:00:00,117137.898
2019-06-08 22:00:00,117155.398
2019-06-08 23:00:00,117171.804
2019-06-09 00:00:00,117187.898
2019-06-09 01:00:00,117203.70199999999
2019-06-09 02:00:00,117219.0
2019-06-09 03:00:00,117234.804
2019-06-09 04:00:00,117250.20199999999
2019-06-09 05:00:00,117265.601
2019-06-09 06:00:00,117281.398
2019-06-09 07:00:00,117297.601
2019-06-09 08:00:00,117316.601
2019-06-09 09:00:00,117334.20199999999
2019-06-09 10:00:00,117351.601
2019-06-09 11:00:00,117369.20199999999
2019-06-09 12:00:00,117387.101
2019-06-09 13:00:00,117404.898
2019-06-09 14:00:00,117422.898
2019-06-09 15:00:00,117441.398
2019-06-09 16:00:00,117459.601
2019-06-09 17:00:00,117477.601
2019-06-09 18:00:00,117496.101
2019-06-09 19:00:00,117514.101
2019-06-09 20:00:00,117531.398
2019-06-09 21:00:00,117548.398
2019-06-09 22:00:00,117565.5
2019-06-09 23:00:00,117582.601
2019-06-10 00:00:00,117598.898
2019-06-10 01:00:00,117615.101
2019-06-10 02:00:00,117631.304
2019-06-10 03:00:00,117647.101
2019-06-10 04:00:00,117662.304
2019-06-10 05:00:00,117677.304
2019-06-10 06:00:00,117692.101
2019-06-10 07:00:00,117715.5
2019-06-10 08:00:00,117749.398
2019-06-10 09:00:00,117795.304
2019-06-10 10:00:00,117846.5
2019-06-10 11:00:00,117896.398
2019-06-10 12:00:00,117946.601
2019-06-10 13:00:00,117998.5
2019-06-10 14:00:00,118051.398
2019-06-10 15:00:00,118108.70199999999
2019-06-10 16:00:00,118170.898
2019-06-10 17:00:00,118231.601
2019-06-10 18:00:00,118279.304
2019-06-10 19:00:00,118331.398
2019-06-10 20:00:00,118382.601
2019-06-10 21:00:00,118434.101
2019-06-10 22:00:00,118482.398
2019-06-10 23:00:00,118530.804
2019-06-11 00:00:00,118578.101
2019-06-11 01:00:00,118624.804
2019-06-11 02:00:00,118670.601
2019-06-11 03:00:00,118719.898
2019-06-11 04:00:00,118765.398
2019-06-11 05:00:00,118811.20199999999
2019-06-11 06:00:00,118857.304
2019-06-11 07:00:00,118909.304
2019-06-11 08:00:00,118968.101
2019-06-11 09:00:00,119031.804
2019-06-11 10:00:00,119129.101
2019-06-11 11:00:00,119277.398
2019-06-11 12:00:00,119349.898
2019-06-11 13:00:00,119411.101
2019-06-11 14:00:00,119471.5
2019-06-11 15:00:00,119533.70199999999
2019-06-11 16:00:00,119594.804
2019-06-11 17:00:00,119652.304
2019-06-11 18:00:00,119706.304
2019-06-11 19:00:00,119760.804
2019-06-11 20:00:00,119813.101
2019-06-11 21:00:00,119863.601
2019-06-11 22:00:00,119912.898
2019-06-11 23:00:00,119959.398
2019-06-12 00:00:00,120004.898
2019-06-12 01:00:00,120050.304
2019-06-12 02:00:00,120095.70199999999
2019-06-12 03:00:00,120141.101
2019-06-12 04:00:00,120186.601
2019-06-12 05:00:00,120232.20199999999
2019-06-12 06:00:00,120278.70199999999
2019-06-12 07:00:00,120330.20199999999
2019-06-12 08:00:00,120390.898
2019-06-12 09:00:00,120451.70199999999
2019-06-12 10:00:00,120599.398
2019-06-12 11:00:00,120758.398
2019-06-12 12:00:00,120917.70199999999
2019-06-12 14:00:00,121244.398
2019-06-12 15:00:00,121405.398
2019-06-12 16:00:00,121552.601
2019-06-12 17:00:00,121608.804
2019-06-12 18:00:00,121648.804
2019-06-12 19:00:00,121685.70199999999
2019-06-12 20:00:00,121719.804
2019-06-12 21:00:00,121752.304
2019-06-12 22:00:00,121783.101
2019-06-12 23:00:00,121810.101
2019-06-13 00:00:00,121836.804
2019-06-13 02:00:00,121889.898
2019-06-13 03:00:00,121916.898
2019-06-13 04:00:00,121944.304
2019-06-13 05:00:00,121971.601
2019-06-13 06:00:00,121998.5
2019-06-13 07:00:00,122031.398
2019-06-13 08:00:00,122077.304
2019-06-13 09:00:00,122139.5
2019-06-13 10:00:00,122228.804
2019-06-13 11:00:00,122310.398
2019-06-13 12:00:00,122398.20199999999
2019-06-13 13:00:00,122487.601
2019-06-13 14:00:00,122632.898
2019-06-13 15:00:00,122831.304
2019-06-13 16:00:00,122984.601
2019-06-13 17:00:00,123040.898
2019-06-13 18:00:00,123127.898
2019-06-13 19:00:00,123227.898
2019-06-13 20:00:00,123327.304
2019-06-13 21:00:00,123425.304
2019-06-13 23:00:00,123613.70199999999
2019-06-14 00:00:00,123708.20199999999
2019-06-14 01:00:00,123800.101
2019-06-14 02:00:00,123886.601
2019-06-14 03:00:00,123972.398
2019-06-14 04:00:00,124057.601
2019-06-14 05:00:00,124143.101
2019-06-14 06:00:00,124229.398
2019-06-14 07:00:00,124319.398
2019-06-14 08:00:00,124417.398
2019-06-14 09:00:00,124504.898
2019-06-14 10:00:00,124586.804
2019-06-14 11:00:00,124677.398
2019-06-14 12:00:00,124767.601
2019-06-14 13:00:00,124860.804
2019-06-14 14:00:00,124955.70199999999
2019-06-14 17:00:00,125187.20199999999
2019-06-14 18:00:00,125211.20199999999
2019-06-14 19:00:00,125232.804
2019-06-14 20:00:00,125253.398
2019-06-14 21:00:00,125272.898
2019-06-14 22:00:00,125292.5
2019-06-14 23:00:00,125308.398
2019-06-15 00:00:00,125323.601
2019-06-15 01:00:00,125338.398
2019-06-15 02:00:00,125353.804
2019-06-15 03:00:00,125369.101
2019-06-15 04:00:00,125383.804
2019-06-15 05:00:00,125398.304
2019-06-15 06:00:00,125413.20199999999
2019-06-15 07:00:00,125428.398
2019-06-15 08:00:00,125445.601
2019-06-15 09:00:00,125461.804
2019-06-15 10:00:00,125478.304
2019-06-15 11:00:00,125494.601
2019-06-15 12:00:00,125510.601
2019-06-15 13:00:00,125526.101
2019-06-15 14:00:00,125544.398
2019-06-15 15:00:00,125559.898
2019-06-15 16:00:00,125575.304
2019-06-15 17:00:00,125591.304
2019-06-15 18:00:00,125607.304
2019-06-15 19:00:00,125623.304
2019-06-15 20:00:00,125641.101
2019-06-15 22:00:00,125675.898
2019-06-15 23:00:00,125693.898
2019-06-16 00:00:00,125711.898
2019-06-16 01:00:00,125729.601
2019-06-16 02:00:00,125747.601
2019-06-16 03:00:00,125764.398
2019-06-16 04:00:00,125780.601
2019-06-16 05:00:00,125796.5
2019-06-16 06:00:00,125812.5
2019-06-16 07:00:00,125830.304
2019-06-16 08:00:00,125849.601
2019-06-16 09:00:00,125868.5
2019-06-16 10:00:00,125887.70199999999
2019-06-16 11:00:00,125907.601
2019-06-16 12:00:00,125927.804
2019-06-16 13:00:00,125946.398
2019-06-16 14:00:00,125964.898
2019-06-16 15:00:00,125982.398
2019-06-16 16:00:00,125999.20199999999
2019-06-16 17:00:00,126015.5
2019-06-16 18:00:00,126032.601
2019-06-16 19:00:00,126050.101
2019-06-16 20:00:00,126068.398
2019-06-16 21:00:00,126084.20199999999
2019-06-16 22:00:00,126099.601
2019-06-16 23:00:00,126114.804
2019-06-17 00:00:00,126129.601
2019-06-17 01:00:00,126143.20199999999
2019-06-17 02:00:00,126157.101
2019-06-17 03:00:00,126170.898
2019-06-17 04:00:00,126184.398
2019-06-17 05:00:00,126198.101
2019-06-17 06:00:00,126212.304
2019-06-17 07:00:00,126232.5
2019-06-17 08:00:00,126260.898
2019-06-17 09:00:00,126290.601
2019-06-17 10:00:00,126321.101
2019-06-17 11:00:00,126350.898
2019-06-17 12:00:00,126381.101
2019-06-17 13:00:00,126412.5
2019-06-17 14:00:00,126443.70199999999
2019-06-17 15:00:00,126475.898
2019-06-17 16:00:00,126507.898
2019-06-17 17:00:00,126537.398
2019-06-17 18:00:00,126564.304
2019-06-17 19:00:00,126588.304
2019-06-17 20:00:00,126610.5
2019-06-17 21:00:00,126632.398
2019-06-17 22:00:00,126653.601
2019-06-17 23:00:00,126674.5
2019-06-18 00:00:00,126695.5
2019-06-18 01:00:00,126716.304
2019-06-18 02:00:00,126735.20199999999
2019-06-18 03:00:00,126754.304
2019-06-18 04:00:00,126772.804
2019-06-18 05:00:00,126790.898
2019-06-18 06:00:00,126809.601
2019-06-18 07:00:00,126833.898
2019-06-18 08:00:00,126867.304
2019-06-18 09:00:00,126896.304
2019-06-18 10:00:00,126927.398
2019-06-18 11:00:00,126960.101
2019-06-18 12:00:00,126994.70199999999
2019-06-18 13:00:00,127028.898
2019-06-18 14:00:00,127068.304
2019-06-18 15:00:00,127102.601
2019-06-18 16:00:00,127136.5
2019-06-18 17:00:00,127168.70199999999
2019-06-18 18:00:00,127197.101
2019-06-18 19:00:00,127223.898
2019-06-18 20:00:00,127249.304
2019-06-18 21:00:00,127274.70199999999
2019-06-18 22:00:00,127298.601
2019-06-18 23:00:00,127321.5
2019-06-19 00:00:00,127344.398
2019-06-19 01:00:00,127366.304
2019-06-19 02:00:00,127386.101
2019-06-19 03:00:00,127406.304
2019-06-19 04:00:00,127425.398
2019-06-19 05:00:00,127444.20199999999
2019-06-19 07:00:00,127487.398
2019-06-19 08:00:00,127522.601
2019-06-19 09:00:00,127557.5
2019-06-19 10:00:00,127591.70199999999
2019-06-19 11:00:00,127620.101
2019-06-19 12:00:00,127651.804
2019-06-19 13:00:00,127686.20199999999
2019-06-19 14:00:00,127720.101
2019-06-19 15:00:00,127755.304
2019-06-19 16:00:00,127791.5
2019-06-19 17:00:00,127824.898
2019-06-19 18:00:00,127853.304
2019-06-19 19:00:00,127879.398
2019-06-19 20:00:00,127908.101
2019-06-19 21:00:00,127935.101
2019-06-19 22:00:00,127960.101
2019-06-19 23:00:00,127982.898
2019-06-20 00:00:00,128004.898
2019-06-20 01:00:00,128026.5
2019-06-20 02:00:00,128047.20199999999
2019-06-20 03:00:00,128067.304
2019-06-20 04:00:00,128087.398
2019-06-20 05:00:00,128107.304
2019-06-20 06:00:00,128128.0
2019-06-20 07:00:00,128154.304
2019-06-20 08:00:00,128191.398
2019-06-20 09:00:00,128234.601
2019-06-20 10:00:00,128292.101
2019-06-20 11:00:00,128346.398
2019-06-20 12:00:00,128415.304
2019-06-20 13:00:00,128492.101
2019-06-20 14:00:00,128568.304
2019-06-20 15:00:00,128639.898
2019-06-20 16:00:00,128673.398
2019-06-20 17:00:00,128706.898
2019-06-20 18:00:00,128737.398
2019-06-20 19:00:00,128766.101
2019-06-20 20:00:00,128793.304
2019-06-20 21:00:00,128820.601
2019-06-20 22:00:00,128845.898
2019-06-20 23:00:00,128870.5
2019-06-21 00:00:00,128893.804
2019-06-21 02:00:00,128939.601
2019-06-21 03:00:00,128961.601
2019-06-21 04:00:00,128983.398
2019-06-21 05:00:00,129005.304
2019-06-21 06:00:00,129027.70199999999
2019-06-21 07:00:00,129053.804
2019-06-21 08:00:00,129089.398
2019-06-21 09:00:00,129134.304
2019-06-21 10:00:00,129177.398
2019-06-21 11:00:00,129221.601
2019-06-21 12:00:00,129268.898
2019-06-21 13:00:00,129323.804
2019-06-21 14:00:00,129377.601
2019-06-21 15:00:00,129435.20199999999
2019-06-21 16:00:00,129487.601
2019-06-21 17:00:00,129541.804
2019-06-21 18:00:00,129584.101
2019-06-21 19:00:00,129602.804
2019-06-21 20:00:00,129620.804
2019-06-21 21:00:00,129637.601
2019-06-21 22:00:00,129651.0
2019-06-21 23:00:00,129664.20199999999
2019-06-22 00:00:00,129676.304
2019-06-22 01:00:00,129688.304
2019-06-22 03:00:00,129712.5
2019-06-22 04:00:00,129723.804
2019-06-22 05:00:00,129735.101
2019-06-22 06:00:00,129746.804
2019-06-22 07:00:00,129759.601
2019-06-22 08:00:00,129775.804
2019-06-22 09:00:00,129791.601
2019-06-22 10:00:00,129808.20199999999
2019-06-22 11:00:00,129823.898
2019-06-22 12:00:00,129838.601
2019-06-22 13:00:00,129856.898
2019-06-22 14:00:00,129874.0
2019-06-22 15:00:00,129890.70199999999
2019-06-22 16:00:00,129921.398
2019-06-22 17:00:00,129954.398
2019-06-22 18:00:00,129989.304
2019-06-22 19:00:00,130025.304
2019-06-22 20:00:00,130060.601
2019-06-22 21:00:00,130096.20199999999
2019-06-22 22:00:00,130131.601
2019-06-22 23:00:00,130164.101
2019-06-23 00:00:00,130196.304
2019-06-23 01:00:00,130228.5
2019-06-23 03:00:00,130293.5
2019-06-23 04:00:00,130325.304
2019-06-23 05:00:00,130358.101
2019-06-23 06:00:00,130392.5
2019-06-23 07:00:00,130426.20199999999
2019-06-23 09:00:00,130497.20199999999
2019-06-23 10:00:00,130532.5
2019-06-23 11:00:00,130568.20199999999
2019-06-23 12:00:00,130601.20199999999
2019-06-23 13:00:00,130634.898
2019-06-23 14:00:00,130671.0
2019-06-23 15:00:00,130705.601
2019-06-23 16:00:00,130740.304
2019-06-23 17:00:00,130775.101
2019-06-23 18:00:00,130810.398
2019-06-23 19:00:00,130843.101
2019-06-23 20:00:00,130877.101
2019-06-23 21:00:00,130912.804
2019-06-23 22:00:00,130948.804
2019-06-23 23:00:00,130983.0
2019-06-24 01:00:00,131052.601
2019-06-24 02:00:00,131086.0
2019-06-24 03:00:00,131119.296
2019-06-24 04:00:00,131151.296
2019-06-24 05:00:00,131182.905
2019-06-24 06:00:00,131214.905
2019-06-24 07:00:00,131256.296
2019-06-24 08:00:00,131307.108
2019-06-24 09:00:00,131393.703
2019-06-24 10:00:00,131491.108
2019-06-24 11:00:00,131606.703
2019-06-24 12:00:00,131728.608
2019-06-24 13:00:00,131850.405
2019-06-24 14:00:00,131958.796
2019-06-24 15:00:00,132057.296
2019-06-24 16:00:00,132161.905
2019-06-24 17:00:00,132265.108
2019-06-24 18:00:00,132363.296
2019-06-24 19:00:00,132460.0
2019-06-24 20:00:00,132554.108
2019-06-24 21:00:00,132633.796
2019-06-24 22:00:00,132707.608
2019-06-24 23:00:00,132780.405
2019-06-25 00:00:00,132853.5
2019-06-25 01:00:00,132925.905
2019-06-25 02:00:00,132998.405
2019-06-25 03:00:00,133069.703
2019-06-25 04:00:00,133141.203
2019-06-25 05:00:00,133212.405
2019-06-25 06:00:00,133285.0
2019-06-25 07:00:00,133365.796
2019-06-25 08:00:00,133450.108
2019-06-25 09:00:00,133542.0
2019-06-25 10:00:00,133641.703
2019-06-25 11:00:00,133788.905
2019-06-25 12:00:00,133999.608
2019-06-25 13:00:00,134204.296
2019-06-25 14:00:00,134403.405
2019-06-25 15:00:00,134594.796
2019-06-25 16:00:00,134788.0
2019-06-25 17:00:00,134964.796
2019-06-25 18:00:00,135004.108
2019-06-25 19:00:00,135040.405
2019-06-25 20:00:00,135076.796
2019-06-25 21:00:00,135110.5
2019-06-25 22:00:00,135141.203
2019-06-25 23:00:00,135171.296
2019-06-26 00:00:00,135199.5
2019-06-26 01:00:00,135227.405
2019-06-26 02:00:00,135255.703
2019-06-26 03:00:00,135283.296
2019-06-26 04:00:00,135310.796
2019-06-26 05:00:00,135337.0
2019-06-26 06:00:00,135363.796
2019-06-26 07:00:00,135395.796
2019-06-26 08:00:00,135460.405
2019-06-26 09:00:00,135560.796
2019-06-26 10:00:00,135661.796
2019-06-26 11:00:00,135764.405
2019-06-26 12:00:00,135863.905
2019-06-26 13:00:00,135963.608
2019-06-26 14:00:00,136048.108
2019-06-26 15:00:00,136131.0
2019-06-26 16:00:00,136211.296
2019-06-26 17:00:00,136268.405
2019-06-26 18:00:00,136290.5
2019-06-26 19:00:00,136311.108
2019-06-26 20:00:00,136331.203
2019-06-26 21:00:00,136351.296
2019-06-26 22:00:00,136371.405
2019-06-26 23:00:00,136389.5
2019-06-27 00:00:00,136406.405
2019-06-27 01:00:00,136423.796
2019-06-27 02:00:00,136441.203
2019-06-27 03:00:00,136458.405
2019-06-27 04:00:00,136474.905
2019-06-27 05:00:00,136491.796
2019-06-27 06:00:00,136514.296
2019-06-27 07:00:00,136553.296
2019-06-27 08:00:00,136624.0
2019-06-27 09:00:00,136725.905
2019-06-27 10:00:00,136831.405
2019-06-27 11:00:00,136934.0
2019-06-27 12:00:00,137036.905
2019-06-27 13:00:00,137137.905
2019-06-27 15:00:00,137346.108
2019-06-27 16:00:00,137483.905
2019-06-27 17:00:00,137608.405
2019-06-27 18:00:00,137639.296
2019-06-27 19:00:00,137666.296
2019-06-27 20:00:00,137691.405
2019-06-27 21:00:00,137714.608
2019-06-27 22:00:00,137737.608
2019-06-27 23:00:00,137759.796
2019-06-28 00:00:00,137777.905
2019-06-28 01:00:00,137796.0
2019-06-28 02:00:00,137814.203
2019-06-28 03:00:00,137831.5
2019-06-28 04:00:00,137849.203
2019-06-28 05:00:00,137866.5
2019-06-28 06:00:00,137913.703
2019-06-28 07:00:00,138039.296
2019-06-28 08:00:00,138176.296
2019-06-28 09:00:00,138313.108
2019-06-28 10:00:00,138449.0
2019-06-28 11:00:00,138558.0
2019-06-28 12:00:00,138664.796
2019-06-28 13:00:00,138774.296
2019-06-28 14:00:00,138883.296
2019-06-28 15:00:00,138991.405
2019-06-28 16:00:00,139100.108
2019-06-28 17:00:00,139148.296
2019-06-28 18:00:00,139174.405
2019-06-28 19:00:00,139197.905
2019-06-28 20:00:00,139218.703
2019-06-28 21:00:00,139239.608
2019-06-28 22:00:00,139258.203
2019-06-28 23:00:00,139276.796
2019-06-29 00:00:00,139295.905
2019-06-29 01:00:00,139314.608
2019-06-29 02:00:00,139332.5
2019-06-29 03:00:00,139349.0
2019-06-29 04:00:00,139366.108
2019-06-29 05:00:00,139383.296
2019-06-29 06:00:00,139400.796
2019-06-29 08:00:00,139437.203
2019-06-29 09:00:00,139456.796
2019-06-29 10:00:00,139476.296
2019-06-29 11:00:00,139494.5
2019-06-29 13:00:00,139535.703
2019-06-29 14:00:00,139558.108
2019-06-29 15:00:00,139577.0
2019-06-29 16:00:00,139595.296
2019-06-29 17:00:00,139613.703
2019-06-29 19:00:00,139650.405
2019-06-29 20:00:00,139668.108
2019-06-29 21:00:00,139685.796
2019-06-29 22:00:00,139704.703
2019-06-29 23:00:00,139722.608
2019-06-30 00:00:00,139740.5
2019-06-30 01:00:00,139758.5
2019-06-30 02:00:00,139776.405
2019-06-30 03:00:00,139794.203
2019-06-30 04:00:00,139811.905
2019-06-30 05:00:00,139829.608
2019-06-30 06:00:00,139847.405
2019-06-30 07:00:00,139865.405
2019-06-30 08:00:00,139884.608
2019-06-30 09:00:00,139904.796
2019-06-30 10:00:00,139922.296
2019-06-30 11:00:00,139939.905
2019-06-30 12:00:00,139958.296
2019-06-30 13:00:00,139975.203
2019-06-30 14:00:00,139992.608
2019-06-30 15:00:00,140010.905
2019-06-30 16:00:00,140029.608
2019-06-30 17:00:00,140048.703
2019-06-30 18:00:00,140067.796
2019-06-30 19:00:00,140086.796
2019-06-30 20:00:00,140105.108
2019-06-30 21:00:00,140122.405
2019-06-30 22:00:00,140139.608
2019-06-30 23:00:00,140156.796
2019-07-01 00:00:00,140173.608
2019-07-01 01:00:00,140190.905
2019-07-01 02:00:00,140207.905
2019-07-01 03:00:00,140225.405
2019-07-01 04:00:00,140242.296
2019-07-01 05:00:00,140259.405
2019-07-01 06:00:00,140296.108
2019-07-01 07:00:00,140326.5
2019-07-01 08:00:00,140369.905
2019-07-01 10:00:00,140444.796
2019-07-01 11:00:00,140507.905
2019-07-01 12:00:00,140569.0
2019-07-01 13:00:00,140629.703
2019-07-01 14:00:00,140694.296
2019-07-01 15:00:00,140772.608
2019-07-01 16:00:00,140837.5
2019-07-01 17:00:00,140879.5
2019-07-01 18:00:00,140915.796
2019-07-01 19:00:00,140950.296
2019-07-01 20:00:00,140984.296
2019-07-01 21:00:00,141018.405
2019-07-01 22:00:00,141052.203
2019-07-01 23:00:00,141115.296
2019-07-02 00:00:00,141186.703
2019-07-02 01:00:00,141257.0
2019-07-02 02:00:00,141327.296
2019-07-02 03:00:00,141396.296
2019-07-02 04:00:00,141464.703
2019-07-02 05:00:00,141534.108
2019-07-02 06:00:00,141572.405
2019-07-02 07:00:00,141593.608
2019-07-02 08:00:00,141623.5
2019-07-02 09:00:00,141660.796
2019-07-02 10:00:00,141720.203
2019-07-02 11:00:00,141772.796
2019-07-02 12:00:00,141824.405
2019-07-02 13:00:00,141877.296
2019-07-02 14:00:00,141928.296
2019-07-02 15:00:00,141977.905
2019-07-03 08:00:00,142431.5
2019-07-03 09:00:00,142499.108
2019-07-03 10:00:00,142569.405
2019-07-03 11:00:00,142644.905
2019-07-03 12:00:00,142719.0
2019-07-03 13:00:00,142790.296
2019-07-03 14:00:00,142862.703
2019-07-03 15:00:00,142936.405
2019-07-03 16:00:00,143006.5
2019-07-03 17:00:00,143063.296
2019-07-03 18:00:00,143094.405
2019-07-03 19:00:00,143116.703
2019-07-03 20:00:00,143138.905
2019-07-03 21:00:00,143160.203
2019-07-03 22:00:00,143180.296
2019-07-03 23:00:00,144724.608
2019-07-04 00:00:00,143214.703
2019-07-04 01:00:00,143231.296
2019-07-04 02:00:00,143248.0
2019-07-04 03:00:00,143264.296
2019-07-04 04:00:00,143280.608
2019-07-04 05:00:00,143296.796
2019-07-04 06:00:00,143314.405
2019-07-04 07:00:00,143376.296
2019-07-04 08:00:00,143442.405
2019-07-04 09:00:00,143501.203
2019-07-04 10:00:00,143561.203
2019-07-04 12:00:00,143739.296
2019-07-04 14:00:00,144063.108
2019-07-04 15:00:00,144223.5
2019-07-04 16:00:00,144356.108
2019-07-04 17:00:00,144438.405
2019-07-04 18:00:00,144498.5
2019-07-04 19:00:00,144555.405
2019-07-04 20:00:00,144611.905
2019-07-04 21:00:00,144668.108
2019-07-04 22:00:00,144724.608
2019-07-05 00:00:00,145055.608
2019-07-05 02:00:00,145397.703
2019-07-05 03:00:00,145561.405
2019-07-05 05:00:00,145793.5
2019-07-05 06:00:00,145890.796
2019-07-05 07:00:00,145994.108
2019-07-05 08:00:00,146110.108
2019-07-05 09:00:00,146212.296
2019-07-05 10:00:00,146291.203
2019-07-05 11:00:00,146360.296
2019-07-05 12:00:00,146437.905
2019-07-05 13:00:00,146565.703
2019-07-05 14:00:00,146685.405
2019-07-05 15:00:00,146765.296
2019-07-05 16:00:00,146854.608
2019-07-05 17:00:00,146899.203
2019-07-05 18:00:00,146942.108
2019-07-05 19:00:00,146967.296
2019-07-05 20:00:00,146990.405
2019-07-05 21:00:00,147011.703
2019-07-05 22:00:00,147031.0
2019-07-05 23:00:00,147049.5
2019-07-06 00:00:00,147065.203
2019-07-06 02:00:00,147096.0
2019-07-06 03:00:00,147112.405
2019-07-06 04:00:00,147129.703
2019-07-06 05:00:00,147145.108
2019-07-06 06:00:00,147161.296
2019-07-06 07:00:00,147177.203
2019-07-06 08:00:00,147193.296
2019-07-06 09:00:00,147207.796
2019-07-06 10:00:00,147222.405
2019-07-06 11:00:00,147239.405
2019-07-06 12:00:00,147256.203
2019-07-06 13:00:00,147272.108
2019-07-06 14:00:00,147287.905
2019-07-06 15:00:00,147303.608
2019-07-06 16:00:00,147320.0
2019-07-06 17:00:00,147335.905
2019-07-06 18:00:00,147351.296
2019-07-06 19:00:00,147367.296
2019-07-06 20:00:00,147383.203
2019-07-06 21:00:00,147399.108
2019-07-06 22:00:00,147414.905
2019-07-06 23:00:00,147431.0
2019-07-07 00:00:00,147447.608
2019-07-07 01:00:00,147463.5
2019-07-07 02:00:00,147479.405
2019-07-07 03:00:00,147495.5
2019-07-07 04:00:00,147510.905
2019-07-07 05:00:00,147526.703
2019-07-07 06:00:00,147541.796
2019-07-07 07:00:00,147556.905
2019-07-07 08:00:00,147573.796
2019-07-07 09:00:00,147591.608
2019-07-07 10:00:00,147607.405
2019-07-07 11:00:00,147623.405
2019-07-07 12:00:00,147639.108
2019-07-07 13:00:00,147654.108
2019-07-07 14:00:00,147669.296
2019-07-07 15:00:00,147683.608
2019-07-07 16:00:00,147697.703
2019-07-07 17:00:00,147712.796
2019-07-07 18:00:00,147726.905
2019-07-07 19:00:00,147740.905
2019-07-07 20:00:00,147755.405
2019-07-07 21:00:00,147769.608
2019-07-07 22:00:00,147784.108
2019-07-07 23:00:00,147798.905
2019-07-08 00:00:00,147813.296
2019-07-08 01:00:00,147827.608
2019-07-08 02:00:00,147841.905
2019-07-08 04:00:00,147871.296
2019-07-08 05:00:00,147886.905
2019-07-08 06:00:00,147902.905
2019-07-08 07:00:00,147934.296
2019-07-08 08:00:00,147985.108
2019-07-08 09:00:00,148034.796
2019-07-08 10:00:00,148083.108
2019-07-08 11:00:00,148133.608
2019-07-08 12:00:00,148192.905
2019-07-08 13:00:00,148262.703
2019-07-08 14:00:00,148332.296
2019-07-08 15:00:00,148401.5
2019-07-08 16:00:00,148469.296
2019-07-08 17:00:00,148501.0
2019-07-08 18:00:00,148524.796
2019-07-08 19:00:00,148547.5
2019-07-08 20:00:00,148566.905
2019-07-08 21:00:00,148584.405
2019-07-08 22:00:00,148601.405
2019-07-08 23:00:00,148616.296
2019-07-09 00:00:00,148630.905
2019-07-09 01:00:00,148646.0
2019-07-09 02:00:00,148661.905
2019-07-09 03:00:00,148677.296
2019-07-09 04:00:00,148692.608
2019-07-09 05:00:00,148707.608
2019-07-09 06:00:00,148722.296
2019-07-09 07:00:00,148742.108
2019-07-09 08:00:00,148772.608
2019-07-09 09:00:00,148800.796
2019-07-09 10:00:00,148841.108
2019-07-09 12:00:00,148918.703
2019-07-09 13:00:00,148975.0
2019-07-09 14:00:00,149024.405
2019-07-09 15:00:00,149060.296
2019-07-09 16:00:00,149092.796
2019-07-09 17:00:00,149127.296
2019-07-09 18:00:00,149160.108
2019-07-09 19:00:00,149191.5
2019-07-09 20:00:00,149221.0
2019-07-09 21:00:00,149249.405
2019-07-09 22:00:00,149270.405
2019-07-09 23:00:00,149287.203
2019-07-10 00:00:00,149302.703
2019-07-10 01:00:00,149318.203
2019-07-10 02:00:00,149333.905
2019-07-10 03:00:00,149348.905
2019-07-10 04:00:00,149363.703
2019-07-10 05:00:00,149378.796
2019-07-10 06:00:00,149414.608
2019-07-10 07:00:00,149438.796
2019-07-10 08:00:00,149474.5
2019-07-10 09:00:00,149506.905
2019-07-10 10:00:00,149537.405
2019-07-10 11:00:00,149583.796
2019-07-10 12:00:00,149645.905
2019-07-10 13:00:00,149708.405
2019-07-10 14:00:00,149768.608
2019-07-10 15:00:00,149828.905
2019-07-10 16:00:00,149887.5
2019-07-10 17:00:00,149944.796
2019-07-10 18:00:00,149976.5
2019-07-10 19:00:00,149996.905
2019-07-10 20:00:00,150016.796
2019-07-10 21:00:00,150036.796
2019-07-10 22:00:00,150055.296
2019-07-10 23:00:00,150071.905
2019-07-11 00:00:00,150088.608
2019-07-11 01:00:00,150104.608
2019-07-11 02:00:00,150119.796
2019-07-11 03:00:00,150134.108
2019-07-11 04:00:00,150149.405
2019-07-11 05:00:00,150165.608
2019-07-11 06:00:00,150182.203
2019-07-11 07:00:00,150206.5
2019-07-11 08:00:00,150244.905
2019-07-11 09:00:00,150277.608
2019-07-11 10:00:00,150311.0
2019-07-11 11:00:00,150345.405
2019-07-11 12:00:00,150376.405
2019-07-11 13:00:00,150406.905
2019-07-11 14:00:00,150435.905
2019-07-11 15:00:00,150465.796
2019-07-11 16:00:00,150497.905
2019-07-11 17:00:00,150527.905
2019-07-11 18:00:00,150552.405
2019-07-11 19:00:00,150576.405
2019-07-11 20:00:00,150598.905
2019-07-11 21:00:00,150621.796
2019-07-11 22:00:00,150642.203
2019-07-11 23:00:00,150660.796
2019-07-12 00:00:00,150678.296
2019-07-12 01:00:00,150695.608
2019-07-12 02:00:00,150712.905
2019-07-12 03:00:00,150730.296
2019-07-12 04:00:00,150748.108
2019-07-12 06:00:00,150785.108
2019-07-12 07:00:00,150848.0
2019-07-12 08:00:00,150916.296
2019-07-12 09:00:00,150983.703
2019-07-12 10:00:00,151053.405
2019-07-12 11:00:00,151123.108
2019-07-12 12:00:00,151195.296
2019-07-12 13:00:00,151269.905
2019-07-12 14:00:00,151339.405
2019-07-12 15:00:00,151424.608
2019-07-12 16:00:00,151523.203
2019-07-12 17:00:00,151583.296
2019-07-12 19:00:00,151631.108
2019-07-12 20:00:00,151653.108
2019-07-12 21:00:00,151674.796
2019-07-12 22:00:00,151695.108
2019-07-12 23:00:00,151714.108
2019-07-13 00:00:00,151732.796
2019-07-13 01:00:00,151751.905
2019-07-13 02:00:00,151769.5
2019-07-13 03:00:00,151787.405
2019-07-13 04:00:00,151805.296
2019-07-13 05:00:00,151823.608
2019-07-13 06:00:00,151841.296
2019-07-13 07:00:00,151859.296
2019-07-13 08:00:00,151877.5
2019-07-13 09:00:00,151897.905
2019-07-13 10:00:00,151918.0
2019-07-13 11:00:00,151937.703
2019-07-13 12:00:00,151958.296
2019-07-13 13:00:00,151978.703
2019-07-13 14:00:00,151996.796
2019-07-13 15:00:00,152014.203
2019-07-13 16:00:00,152032.405
2019-07-13 17:00:00,152050.703
2019-07-13 18:00:00,152068.405
2019-07-13 19:00:00,152085.405
2019-07-13 20:00:00,152102.796
2019-07-13 21:00:00,152122.796
2019-07-13 22:00:00,152140.905
2019-07-14 00:00:00,152174.608
2019-07-14 01:00:00,152192.0
2019-07-14 02:00:00,152210.108
2019-07-14 03:00:00,152228.405
2019-07-14 04:00:00,152247.296
2019-07-14 05:00:00,152263.905
2019-07-14 06:00:00,152280.296
2019-07-14 07:00:00,152297.108
2019-07-14 08:00:00,152314.5
2019-07-14 09:00:00,152333.405
2019-07-14 10:00:00,152350.905
2019-07-14 11:00:00,152368.108
2019-07-14 12:00:00,152385.203
2019-07-14 13:00:00,152402.405
2019-07-14 14:00:00,152420.108
2019-07-14 15:00:00,152436.703
2019-07-14 16:00:00,152454.0
2019-07-14 17:00:00,152471.296
2019-07-14 18:00:00,152490.405
2019-07-14 19:00:00,152511.108
2019-07-14 20:00:00,152531.203
2019-07-14 21:00:00,152548.296
2019-07-14 22:00:00,152566.203
2019-07-14 23:00:00,152583.905
2019-07-15 00:00:00,152601.296
2019-07-15 01:00:00,152618.608
2019-07-15 03:00:00,152653.608
2019-07-15 04:00:00,152670.108
2019-07-15 05:00:00,152686.703
2019-07-15 06:00:00,152728.405
2019-07-15 07:00:00,152786.796
2019-07-15 08:00:00,152888.296
2019-07-15 09:00:00,152982.796
2019-07-15 10:00:00,153114.905
2019-07-15 11:00:00,153235.203
2019-07-15 12:00:00,153339.796
2019-07-15 13:00:00,153444.905
2019-07-15 14:00:00,153580.108
2019-07-15 15:00:00,153728.796
2019-07-15 16:00:00,153842.108
2019-07-15 17:00:00,153934.108
2019-07-15 18:00:00,153989.608
2019-07-15 19:00:00,154043.405
2019-07-15 20:00:00,154095.796
2019-07-15 21:00:00,154148.703
2019-07-15 22:00:00,154203.296
2019-07-15 23:00:00,154332.905
2019-07-16 00:00:00,154460.203
2019-07-16 01:00:00,154586.905
2019-07-16 02:00:00,154713.905
2019-07-16 03:00:00,154834.108
2019-07-16 04:00:00,154918.296
2019-07-16 05:00:00,154984.608
2019-07-16 06:00:00,155040.0
2019-07-16 07:00:00,155079.296
2019-07-16 08:00:00,155138.703
2019-07-16 09:00:00,155211.296
2019-07-16 10:00:00,155322.0
2019-07-16 11:00:00,155442.405
2019-07-16 12:00:00,155566.905
2019-07-16 13:00:00,155707.5
2019-07-16 14:00:00,155830.203
2019-07-16 15:00:00,155951.796
2019-07-16 16:00:00,156072.703
2019-07-16 18:00:00,156177.905
2019-07-16 19:00:00,156200.905
2019-07-16 20:00:00,156223.5
2019-07-16 21:00:00,156246.296
2019-07-16 22:00:00,156267.0
2019-07-16 23:00:00,156286.108
2019-07-17 00:00:00,156304.608
2019-07-17 01:00:00,156322.905
2019-07-17 02:00:00,156341.905
2019-07-17 03:00:00,156361.296
2019-07-17 05:00:00,156399.296
2019-07-17 06:00:00,156426.296
2019-07-17 07:00:00,156524.405
2019-07-17 08:00:00,156668.296
2019-07-17 09:00:00,156806.296
2019-07-17 10:00:00,156938.905
2019-07-17 11:00:00,157071.608
2019-07-17 12:00:00,157202.405
2019-07-17 13:00:00,157336.108
2019-07-17 14:00:00,157463.608
2019-07-17 15:00:00,157567.5
2019-07-17 16:00:00,157670.203
2019-07-17 17:00:00,157745.608
2019-07-17 18:00:00,157797.296
2019-07-17 19:00:00,157846.796
2019-07-17 20:00:00,157897.0
2019-07-17 21:00:00,157944.108
2019-07-17 22:00:00,157989.296
2019-07-17 23:00:00,158116.796
2019-07-18 00:00:00,158245.5
2019-07-18 01:00:00,158373.108
2019-07-18 02:00:00,158501.108
2019-07-18 03:00:00,158627.203
2019-07-18 04:00:00,158752.905
2019-07-18 05:00:00,158871.608
2019-07-18 06:00:00,159008.703
2019-07-18 07:00:00,159146.405
2019-07-18 09:00:00,159419.296
2019-07-18 10:00:00,159552.608
2019-07-18 11:00:00,159696.296
2019-07-18 12:00:00,159837.108
2019-07-18 13:00:00,159973.0
2019-07-18 14:00:00,160105.703
2019-07-18 15:00:00,160239.108
2019-07-18 16:00:00,160370.0
2019-07-18 17:00:00,160437.108
2019-07-18 18:00:00,160460.796
2019-07-18 19:00:00,160483.108
2019-07-18 20:00:00,160504.796
2019-07-18 22:00:00,160546.608
2019-07-18 23:00:00,160565.296
2019-07-19 00:00:00,160584.296
2019-07-19 01:00:00,160602.108
2019-07-19 02:00:00,160619.905
2019-07-19 04:00:00,160655.905
2019-07-19 05:00:00,160673.608
2019-07-19 06:00:00,160734.905
2019-07-19 07:00:00,160861.5
2019-07-19 08:00:00,161002.405
2019-07-19 09:00:00,161136.108
2019-07-19 10:00:00,161266.203
2019-07-19 11:00:00,161401.608
2019-07-19 12:00:00,161535.608
2019-07-19 13:00:00,161671.108
2019-07-19 14:00:00,161809.108
2019-07-19 15:00:00,161942.905
2019-07-19 16:00:00,162036.405
2019-07-19 17:00:00,162068.108
2019-07-19 18:00:00,162096.405
2019-07-19 19:00:00,162124.296
2019-07-19 20:00:00,162151.405
2019-07-19 21:00:00,162177.608
2019-07-19 22:00:00,162203.796
2019-07-19 23:00:00,162229.296
2019-07-20 00:00:00,162253.296
2019-07-20 01:00:00,162275.608
2019-07-20 02:00:00,162297.905
2019-07-20 03:00:00,162320.108
2019-07-20 04:00:00,162342.0
2019-07-20 05:00:00,162364.108
2019-07-20 06:00:00,162386.405
2019-07-20 07:00:00,162409.203
2019-07-20 08:00:00,162434.0
2019-07-20 09:00:00,162458.608
2019-07-20 10:00:00,162483.108
2019-07-20 11:00:00,162507.296
2019-07-20 12:00:00,162530.5
2019-07-20 13:00:00,162553.703
2019-07-20 14:00:00,162578.296
2019-07-20 15:00:00,162601.296
2019-07-20 16:00:00,162624.796
2019-07-20 17:00:00,162648.405
2019-07-20 18:00:00,162672.608
2019-07-20 19:00:00,162696.0
2019-07-20 20:00:00,162720.108
2019-07-20 21:00:00,162745.296
2019-07-20 22:00:00,162768.108
2019-07-20 23:00:00,162790.796
2019-07-21 00:00:00,162813.703
2019-07-21 01:00:00,162836.405
2019-07-21 02:00:00,162859.296
2019-07-21 03:00:00,162882.405
2019-07-21 04:00:00,162905.203
2019-07-21 05:00:00,162928.0
2019-07-21 06:00:00,162950.905
2019-07-21 07:00:00,162973.796
2019-07-21 08:00:00,162999.108
2019-07-21 09:00:00,163024.0
2019-07-21 10:00:00,163064.108
2019-07-21 11:00:00,163131.108
2019-07-21 12:00:00,163226.203
2019-07-21 13:00:00,163343.108
2019-07-21 14:00:00,163445.796
2019-07-21 15:00:00,163622.608
2019-07-21 16:00:00,163706.405
2019-07-21 17:00:00,163772.405
2019-07-21 18:00:00,163841.796
2019-07-21 19:00:00,163908.905
2019-07-21 20:00:00,163976.108
2019-07-21 21:00:00,164042.296
2019-07-21 22:00:00,164117.108
2019-07-21 23:00:00,164271.296
2019-07-22 00:00:00,164423.296
2019-07-22 01:00:00,164573.796
2019-07-22 02:00:00,164722.905
2019-07-22 03:00:00,164861.296
2019-07-22 04:00:00,164959.703
2019-07-22 05:00:00,165045.405
2019-07-22 06:00:00,165159.203
2019-07-22 07:00:00,165302.796
2019-07-22 08:00:00,165457.905
2019-07-22 09:00:00,165605.296
2019-07-22 10:00:00,165745.405
2019-07-22 11:00:00,165880.108
2019-07-22 13:00:00,166147.405
2019-07-22 14:00:00,166282.108
2019-07-22 16:00:00,166400.0
2019-07-22 17:00:00,166508.203
2019-07-22 18:00:00,166581.703
2019-07-22 19:00:00,166651.905
2019-07-22 20:00:00,166720.796
2019-07-22 21:00:00,166790.203
2019-07-22 22:00:00,166859.405
2019-07-22 23:00:00,166928.296
2019-07-23 00:00:00,166995.405
2019-07-23 01:00:00,167061.905
2019-07-23 02:00:00,167127.296
2019-07-23 03:00:00,167192.5
2019-07-23 04:00:00,167256.796
2019-07-23 05:00:00,167321.0
2019-07-23 06:00:00,167386.5
2019-07-23 07:00:00,167483.296
2019-07-23 08:00:00,167611.796
2019-07-23 09:00:00,167741.905
2019-07-23 10:00:00,167872.296
2019-07-23 11:00:00,168003.905
2019-07-23 12:00:00,168135.905
2019-07-23 13:00:00,168268.608
2019-07-23 14:00:00,168403.608
2019-07-23 15:00:00,168538.608
2019-07-23 16:00:00,168670.5
2019-07-23 17:00:00,168801.796
2019-07-23 18:00:00,168881.108
2019-07-23 19:00:00,168948.108
2019-07-23 20:00:00,169014.796
2019-07-23 21:00:00,169080.296
2019-07-23 22:00:00,169142.608
2019-07-23 23:00:00,169202.108
2019-07-24 00:00:00,169262.905
2019-07-24 01:00:00,169321.905
2019-07-24 02:00:00,169381.296
2019-07-24 03:00:00,169440.405
2019-07-24 04:00:00,169499.203
2019-07-24 05:00:00,169557.405
2019-07-24 06:00:00,169652.296
2019-07-24 07:00:00,169791.0
2019-07-24 08:00:00,169932.796
2019-07-24 09:00:00,170062.796
2019-07-24 10:00:00,170193.608
2019-07-24 11:00:00,170326.405
2019-07-24 12:00:00,170460.108
2019-07-24 13:00:00,170593.5
2019-07-24 15:00:00,170860.905
2019-07-24 16:00:00,170993.296
2019-07-24 17:00:00,171043.108
2019-07-24 18:00:00,171097.796
2019-07-24 19:00:00,171150.405
2019-07-24 20:00:00,171204.296
2019-07-24 21:00:00,171260.108
2019-07-24 22:00:00,171315.905
2019-07-24 23:00:00,171370.405
2019-07-25 00:00:00,171423.905
2019-07-25 01:00:00,171476.108
2019-07-25 02:00:00,171525.405
2019-07-25 03:00:00,171573.905
2019-07-25 04:00:00,171621.608
2019-07-25 05:00:00,171668.405
2019-07-25 06:00:00,171741.108
2019-07-25 07:00:00,171848.608
2019-07-25 08:00:00,171990.203
2019-07-25 09:00:00,172130.108
2019-07-25 10:00:00,172303.0
2019-07-25 11:00:00,172480.608
2019-07-25 12:00:00,172660.296
2019-07-25 13:00:00,172842.905
2019-07-25 14:00:00,173028.296
2019-07-25 15:00:00,173209.608
2019-07-25 16:00:00,173389.608
2019-07-25 17:00:00,173563.405
2019-07-25 18:00:00,173645.703
2019-07-25 19:00:00,173721.405
2019-07-25 21:00:00,173865.108
2019-07-25 22:00:00,173918.905
2019-07-25 23:00:00,173970.0
2019-07-26 00:00:00,174021.905
2019-07-26 01:00:00,174073.108
2019-07-26 02:00:00,174123.5
2019-07-26 03:00:00,174173.296
2019-07-26 05:00:00,174274.296
2019-07-26 06:00:00,174334.608
2019-07-26 07:00:00,174455.108
2019-07-26 08:00:00,174594.108
2019-07-26 09:00:00,174729.296
2019-07-26 10:00:00,174907.405
2019-07-26 11:00:00,175095.0
2019-07-26 12:00:00,175283.296
2019-07-26 13:00:00,175480.608
2019-07-26 14:00:00,175676.0
2019-07-26 15:00:00,175864.405
2019-07-26 16:00:00,176048.905
2019-07-26 17:00:00,176134.203
2019-07-26 18:00:00,176189.5
2019-07-26 19:00:00,176245.203
2019-07-26 20:00:00,176299.905
2019-07-26 21:00:00,176357.0
2019-07-26 22:00:00,176414.796
2019-07-26 23:00:00,176472.203
2019-07-27 00:00:00,176527.796
2019-07-27 01:00:00,176583.108
2019-07-27 02:00:00,176634.296
2019-07-27 03:00:00,176685.796
2019-07-27 04:00:00,176739.296
2019-07-27 05:00:00,176790.905
2019-07-27 06:00:00,176844.296
2019-07-27 07:00:00,176900.796
2019-07-27 08:00:00,176962.796
2019-07-27 09:00:00,177024.203
2019-07-27 10:00:00,177085.608
2019-07-27 11:00:00,177148.108
2019-07-27 12:00:00,177215.405
2019-07-27 13:00:00,177278.203
2019-07-27 14:00:00,177339.608
2019-07-27 15:00:00,177400.796
2019-07-27 16:00:00,177467.703
2019-07-27 17:00:00,177534.0
2019-07-27 18:00:00,177596.608
2019-07-27 19:00:00,177658.405
2019-07-27 20:00:00,177720.0
2019-07-27 21:00:00,177776.796
2019-07-27 22:00:00,177836.0
2019-07-28 00:00:00,177957.405
2019-07-28 01:00:00,178018.203
2019-07-28 02:00:00,178078.296
2019-07-28 03:00:00,178136.608
2019-07-28 04:00:00,178194.608
2019-07-28 05:00:00,178253.405
2019-07-28 06:00:00,178311.296
2019-07-28 07:00:00,178370.405
2019-07-28 08:00:00,178436.405
2019-07-28 09:00:00,178517.108
2019-07-28 10:00:00,178589.108
2019-07-28 11:00:00,178650.405
2019-07-28 12:00:00,178711.108
2019-07-28 13:00:00,178770.905
2019-07-28 14:00:00,178833.203
2019-07-28 15:00:00,178902.608
2019-07-28 16:00:00,178972.5
2019-07-28 18:00:00,179112.905
2019-07-28 19:00:00,179181.905
2019-07-28 20:00:00,179250.796
2019-07-28 21:00:00,179319.108
2019-07-28 22:00:00,179387.405
2019-07-28 23:00:00,179543.5
2019-07-29 00:00:00,179702.108
2019-07-29 01:00:00,179863.108
2019-07-29 02:00:00,180019.905
2019-07-29 03:00:00,180173.608
2019-07-29 04:00:00,180323.608
2019-07-29 05:00:00,180438.296
2019-07-29 06:00:00,180505.905
2019-07-29 07:00:00,180607.905
2019-07-29 09:00:00,180845.905
2019-07-29 10:00:00,180955.608
2019-07-29 11:00:00,181098.905
2019-07-29 12:00:00,181239.296
2019-07-29 13:00:00,181346.796
2019-07-29 14:00:00,181455.108
2019-07-29 15:00:00,181581.796
2019-07-29 16:00:00,181622.703
2019-07-29 19:00:00,181829.905
2019-07-29 20:00:00,181890.5
2019-07-29 21:00:00,181950.905
2019-07-29 22:00:00,182009.703
2019-07-29 23:00:00,182067.203
2019-07-30 00:00:00,182124.5
2019-07-30 01:00:00,182180.405
2019-07-30 02:00:00,182236.905
2019-07-30 03:00:00,182292.796
2019-07-30 04:00:00,182348.703
2019-07-30 05:00:00,182405.108
2019-07-30 06:00:00,182486.296
2019-07-30 07:00:00,182591.905
2019-07-30 08:00:00,182705.405
2019-07-30 09:00:00,182830.796
2019-07-30 10:00:00,182966.405
2019-07-30 11:00:00,183091.203
2019-07-30 12:00:00,183220.296
2019-07-30 13:00:00,183352.108
2019-07-30 15:00:00,183760.405
2019-07-30 16:00:00,183865.905
2019-07-30 17:00:00,183969.5
2019-07-30 18:00:00,184043.796
2019-07-30 19:00:00,184116.703
2019-07-30 20:00:00,184189.203
2019-07-30 21:00:00,184262.296
2019-07-30 22:00:00,184332.905
2019-07-30 23:00:00,184486.405
2019-07-31 00:00:00,184641.0
2019-07-31 01:00:00,184793.405
2019-07-31 02:00:00,184944.203
2019-07-31 03:00:00,185091.796
2019-07-31 05:00:00,185306.608
2019-07-31 06:00:00,185383.203
2019-07-31 07:00:00,185513.108
2019-07-31 08:00:00,185653.796
2019-07-31 09:00:00,185792.108
2019-07-31 10:00:00,185919.5
2019-07-31 11:00:00,186043.108
2019-07-31 12:00:00,186178.405
2019-07-31 13:00:00,186318.608
2019-07-31 14:00:00,186457.296
2019-07-31 16:00:00,186713.296
2019-07-31 17:00:00,186782.108
2019-07-31 18:00:00,186848.905
2019-07-31 19:00:00,186913.608
2019-07-31 20:00:00,186974.796
2019-07-31 21:00:00,187036.905
2019-07-31 22:00:00,187094.296
2019-07-31 23:00:00,187154.703
2019-08-01 00:00:00,187212.608
2019-08-01 01:00:00,187268.608
2019-08-01 02:00:00,187324.203
2019-08-01 03:00:00,187380.608
2019-08-01 04:00:00,187436.608
2019-08-01 05:00:00,187492.405
2019-08-01 06:00:00,187551.796
2019-08-01 07:00:00,187648.5
2019-08-01 08:00:00,187753.405
2019-08-01 09:00:00,187853.0
2019-08-01 10:00:00,187953.703
2019-08-01 11:00:00,188077.608
2019-08-01 12:00:00,188191.608
2019-08-01 13:00:00,188323.203
2019-08-01 14:00:00,188456.108
2019-08-01 15:00:00,188626.703
2019-08-01 16:00:00,188796.5
2019-08-01 17:00:00,188914.608
2019-08-01 18:00:00,188988.405
2019-08-01 19:00:00,189059.296
2019-08-01 20:00:00,189128.905
2019-08-01 21:00:00,189199.608
2019-08-01 22:00:00,189269.703
2019-08-01 23:00:00,189340.108
2019-08-02 00:00:00,189406.608
2019-08-02 01:00:00,189473.296
2019-08-02 02:00:00,189539.905
2019-08-02 03:00:00,189608.296
2019-08-02 04:00:00,189674.905
2019-08-02 05:00:00,189741.5
2019-08-02 06:00:00,189809.796
2019-08-02 07:00:00,189917.905
2019-08-02 08:00:00,190052.296
2019-08-02 09:00:00,190182.905
2019-08-02 10:00:00,190313.296
2019-08-02 12:00:00,190579.203
2019-08-02 13:00:00,190709.405
2019-08-02 14:00:00,190819.108
2019-08-02 15:00:00,190935.796
2019-08-02 16:00:00,191004.108
2019-08-02 17:00:00,191043.703
2019-08-02 18:00:00,191066.203
2019-08-02 19:00:00,191088.108
2019-08-02 20:00:00,191109.405
2019-08-02 21:00:00,191130.703
2019-08-02 22:00:00,191152.608
2019-08-02 23:00:00,191171.796
2019-08-03 00:00:00,191190.0
2019-08-03 01:00:00,191208.703
2019-08-03 02:00:00,191227.0
2019-08-03 03:00:00,191244.0
2019-08-03 04:00:00,191261.108
2019-08-03 05:00:00,191278.405
2019-08-03 06:00:00,191295.296
2019-08-03 07:00:00,191311.796
2019-08-03 08:00:00,191328.608
2019-08-03 09:00:00,191347.296
2019-08-03 10:00:00,191366.905
2019-08-03 11:00:00,191383.296
2019-08-03 12:00:00,191400.296
2019-08-03 13:00:00,191416.203
2019-08-03 15:00:00,191449.0
2019-08-03 16:00:00,191467.5
2019-08-03 17:00:00,191490.296
2019-08-03 18:00:00,191506.405
2019-08-03 19:00:00,191521.905
2019-08-03 20:00:00,191537.405
2019-08-03 21:00:00,191553.108
2019-08-03 22:00:00,191571.5
2019-08-03 23:00:00,191587.796
2019-08-04 00:00:00,191604.203
2019-08-04 01:00:00,191620.796
2019-08-04 02:00:00,191636.796
2019-08-04 03:00:00,191653.405
2019-08-04 04:00:00,191670.608
2019-08-04 05:00:00,191687.405
2019-08-04 07:00:00,191720.108
2019-08-04 08:00:00,191737.796
2019-08-04 09:00:00,191754.405
2019-08-04 10:00:00,191770.796
2019-08-04 11:00:00,191786.796
2019-08-04 12:00:00,191802.5
2019-08-04 13:00:00,191821.0
2019-08-04 14:00:00,191840.796
2019-08-04 15:00:00,191878.608
2019-08-04 16:00:00,191916.108
2019-08-04 17:00:00,191969.703
2019-08-04 18:00:00,192026.905
2019-08-04 19:00:00,192079.905
2019-08-04 20:00:00,192131.796
2019-08-04 21:00:00,192182.108
2019-08-04 22:00:00,192230.296
2019-08-04 23:00:00,192278.703
2019-08-05 00:00:00,192325.905
2019-08-05 01:00:00,192372.905
2019-08-05 02:00:00,192419.905
2019-08-05 03:00:00,192466.905
2019-08-05 04:00:00,192514.608
2019-08-05 05:00:00,192560.203
2019-08-05 06:00:00,192627.108
2019-08-05 07:00:00,192747.108
2019-08-05 08:00:00,192886.108
2019-08-05 10:00:00,193102.796
2019-08-05 11:00:00,193206.905
2019-08-05 12:00:00,193308.405
2019-08-05 13:00:00,193415.703
2019-08-05 14:00:00,193511.5
2019-08-05 15:00:00,193623.796
2019-08-05 16:00:00,193746.796
2019-08-05 17:00:00,193869.703
2019-08-05 18:00:00,193935.296
2019-08-05 19:00:00,193996.905
2019-08-05 20:00:00,194057.905
2019-08-05 21:00:00,194119.905
2019-08-05 22:00:00,194170.0
2019-08-05 23:00:00,194219.905
2019-08-06 00:00:00,194267.203
2019-08-06 01:00:00,194314.703
2019-08-06 02:00:00,194362.0
2019-08-06 03:00:00,194409.703
2019-08-06 05:00:00,194503.796
2019-08-06 06:00:00,194557.405
2019-08-06 07:00:00,194671.108
2019-08-06 08:00:00,194806.5
2019-08-06 09:00:00,194939.108
2019-08-06 10:00:00,195071.405
2019-08-06 12:00:00,195434.296
2019-08-06 14:00:00,195991.608
2019-08-06 15:00:00,196249.608
2019-08-06 16:00:00,196505.796
2019-08-06 17:00:00,196707.608
2019-08-06 18:00:00,196776.905
2019-08-06 19:00:00,196820.608
2019-08-06 20:00:00,196863.296
2019-08-06 21:00:00,196905.905
2019-08-06 22:00:00,196948.608
2019-08-06 23:00:00,196995.608
2019-08-07 00:00:00,197054.405
2019-08-07 01:00:00,197112.108
2019-08-07 02:00:00,197168.905
2019-08-07 03:00:00,197225.796
2019-08-07 04:00:00,197280.296
2019-08-07 05:00:00,197334.796
2019-08-07 06:00:00,197420.296
2019-08-07 07:00:00,197546.905
2019-08-07 08:00:00,197682.405
2019-08-07 09:00:00,197814.608
2019-08-07 10:00:00,197945.405
2019-08-07 11:00:00,198074.608
2019-08-07 12:00:00,198204.296
2019-08-07 13:00:00,198334.405
2019-08-07 14:00:00,198451.796
2019-08-07 15:00:00,198573.405
2019-08-07 16:00:00,198702.296
2019-08-07 17:00:00,198800.703
2019-08-07 18:00:00,198867.608
2019-08-07 19:00:00,198932.108
2019-08-07 20:00:00,198993.108
2019-08-07 21:00:00,199052.703
2019-08-07 22:00:00,199110.608
2019-08-07 23:00:00,199164.5
2019-08-08 00:00:00,199216.108
2019-08-08 01:00:00,199268.108
2019-08-08 02:00:00,199320.203
2019-08-08 03:00:00,199374.203
2019-08-08 04:00:00,199427.796
2019-08-08 05:00:00,199480.5
2019-08-08 06:00:00,199534.905
2019-08-08 07:00:00,199636.608
2019-08-08 08:00:00,199770.5
2019-08-08 09:00:00,199900.405
2019-08-08 10:00:00,200026.296
2019-08-08 11:00:00,200156.296
2019-08-08 12:00:00,200289.296
2019-08-08 13:00:00,200417.608
2019-08-08 14:00:00,200518.608
2019-08-08 15:00:00,200633.703
2019-08-08 16:00:00,200733.203
2019-08-08 17:00:00,200851.203
2019-08-08 18:00:00,200924.608
2019-08-08 19:00:00,200996.296
2019-08-08 20:00:00,201067.203
2019-08-08 21:00:00,201135.405
2019-08-08 22:00:00,201201.796
2019-08-08 23:00:00,201268.703
2019-08-09 00:00:00,201331.0
2019-08-09 01:00:00,201392.608
2019-08-09 02:00:00,201453.296
2019-08-09 03:00:00,201514.108
2019-08-09 04:00:00,201574.405
2019-08-09 05:00:00,201635.405
2019-08-09 06:00:00,201751.608
2019-08-09 07:00:00,201878.405
2019-08-09 08:00:00,202018.108
2019-08-09 10:00:00,202306.796
2019-08-09 11:00:00,202439.905
2019-08-09 12:00:00,202581.108
2019-08-09 13:00:00,202726.905
2019-08-09 14:00:00,202879.0
2019-08-09 15:00:00,203017.703
2019-08-09 16:00:00,203157.796
2019-08-09 17:00:00,203292.796
2019-08-09 18:00:00,203406.405
2019-08-09 19:00:00,203465.5
2019-08-09 20:00:00,203520.608
2019-08-09 21:00:00,203574.796
2019-08-09 22:00:00,203628.5
2019-08-09 23:00:00,203680.905
2019-08-10 00:00:00,203726.108
2019-08-10 01:00:00,203755.905
2019-08-10 02:00:00,203785.905
2019-08-10 03:00:00,203815.5
2019-08-10 04:00:00,203845.108
2019-08-10 05:00:00,203874.796
2019-08-10 06:00:00,203905.405
2019-08-10 07:00:00,203935.703
2019-08-10 08:00:00,203966.703
2019-08-10 09:00:00,203998.905
2019-08-10 10:00:00,204031.608
2019-08-10 11:00:00,204063.203
2019-08-10 12:00:00,204095.203
2019-08-10 13:00:00,204126.608
2019-08-10 14:00:00,204159.108
2019-08-10 15:00:00,204192.5
2019-08-10 16:00:00,204226.0
2019-08-10 17:00:00,204259.905
2019-08-10 18:00:00,204294.108
2019-08-10 19:00:00,204324.703
2019-08-10 20:00:00,204354.5
2019-08-10 21:00:00,204387.405
2019-08-10 22:00:00,204419.796
2019-08-10 23:00:00,204451.796
2019-08-11 00:00:00,204482.5
2019-08-11 01:00:00,204512.796
2019-08-11 02:00:00,204542.796
2019-08-11 03:00:00,204573.796
2019-08-11 04:00:00,204603.703
2019-08-11 05:00:00,204633.405
2019-08-11 06:00:00,204662.0
2019-08-11 07:00:00,204691.108
2019-08-11 08:00:00,204720.203
2019-08-11 09:00:00,204749.405
2019-08-11 10:00:00,204777.905
2019-08-11 11:00:00,204806.108
2019-08-11 12:00:00,204835.0
2019-08-11 13:00:00,204862.703
2019-08-11 14:00:00,204895.296
2019-08-11 15:00:00,204928.5
2019-08-11 16:00:00,204961.703
2019-08-11 17:00:00,204994.703
2019-08-11 18:00:00,205028.296
2019-08-11 19:00:00,205063.796
2019-08-11 20:00:00,205097.296
2019-08-11 21:00:00,205129.5
2019-08-11 22:00:00,205162.108
2019-08-11 23:00:00,205194.405
2019-08-12 00:00:00,205227.296
2019-08-12 01:00:00,205259.5
2019-08-12 02:00:00,205291.796
2019-08-12 03:00:00,205324.203
2019-08-12 04:00:00,205356.608
2019-08-12 05:00:00,205388.608
2019-08-12 06:00:00,205421.108
2019-08-12 07:00:00,205487.405
2019-08-12 08:00:00,205567.5
2019-08-12 09:00:00,205649.703
2019-08-12 10:00:00,205739.108
2019-08-12 11:00:00,205838.905
2019-08-12 12:00:00,205949.5
2019-08-12 13:00:00,206068.108
2019-08-12 14:00:00,206184.608
2019-08-12 15:00:00,206302.108
2019-08-12 16:00:00,206411.296
2019-08-12 17:00:00,206513.796
2019-08-12 18:00:00,206610.796
2019-08-12 19:00:00,206648.296
2019-08-12 20:00:00,206666.296
2019-08-12 21:00:00,206684.0
2019-08-12 22:00:00,206699.108
2019-08-12 23:00:00,206714.0
2019-08-13 00:00:00,206728.796
2019-08-13 01:00:00,206743.703
2019-08-13 02:00:00,206758.5
2019-08-13 03:00:00,206775.203
2019-08-13 04:00:00,206792.296
2019-08-13 05:00:00,206809.203
2019-08-13 06:00:00,206866.796
2019-08-13 07:00:00,206970.608
2019-08-13 08:00:00,207076.608
2019-08-13 09:00:00,207183.405
2019-08-13 10:00:00,207297.905
2019-08-13 11:00:00,207411.405
2019-08-13 12:00:00,207524.5
2019-08-13 13:00:00,207645.108
2019-08-13 14:00:00,207760.405
2019-08-13 15:00:00,207878.796
2019-08-13 16:00:00,207992.405
2019-08-13 17:00:00,208046.608
2019-08-13 18:00:00,208070.296
2019-08-13 19:00:00,208093.296
2019-08-13 20:00:00,208114.296
2019-08-13 21:00:00,208135.905
2019-08-13 22:00:00,208156.796
2019-08-13 23:00:00,208176.796
2019-08-14 00:00:00,208194.703
2019-08-14 01:00:00,208212.296
2019-08-14 02:00:00,208228.703
2019-08-14 03:00:00,208245.0
2019-08-14 04:00:00,208260.796
2019-08-14 05:00:00,208276.405
2019-08-14 06:00:00,208307.905
2019-08-14 07:00:00,208413.905
2019-08-14 08:00:00,208535.905
2019-08-14 10:00:00,208777.905
2019-08-14 11:00:00,208901.608
2019-08-14 12:00:00,209024.296
2019-08-14 13:00:00,209144.108
2019-08-14 14:00:00,209261.296
2019-08-14 15:00:00,209378.405
2019-08-14 16:00:00,209494.405
2019-08-14 17:00:00,209547.296
2019-08-14 18:00:00,209571.405
2019-08-14 19:00:00,209593.608
2019-08-14 20:00:00,209614.796
2019-08-14 21:00:00,209635.296
2019-08-14 23:00:00,209672.108
2019-08-15 00:00:00,209689.905
2019-08-15 01:00:00,209708.796
2019-08-15 02:00:00,209727.703
2019-08-15 03:00:00,209744.905
2019-08-15 04:00:00,209761.405
2019-08-15 05:00:00,209777.796
2019-08-15 06:00:00,209796.296
2019-08-15 07:00:00,209882.405
2019-08-15 08:00:00,210007.796
2019-08-15 09:00:00,210062.296
2019-08-15 10:00:00,210103.905
2019-08-15 11:00:00,210232.608
2019-08-15 12:00:00,210365.108
2019-08-15 14:00:00,210625.5
2019-08-15 15:00:00,210757.108
2019-08-15 16:00:00,210906.405
2019-08-15 17:00:00,210992.0
2019-08-15 18:00:00,211021.0
2019-08-15 20:00:00,211075.203
2019-08-15 21:00:00,211100.405
2019-08-15 22:00:00,211124.108
2019-08-15 23:00:00,211145.203
2019-08-16 00:00:00,211166.796
2019-08-16 01:00:00,211186.108
2019-08-16 02:00:00,211205.296
2019-08-16 03:00:00,211223.905
2019-08-16 04:00:00,211241.608
2019-08-16 06:00:00,211284.5
2019-08-16 07:00:00,211386.796
2019-08-16 08:00:00,211500.405
2019-08-16 09:00:00,211612.703
2019-08-16 10:00:00,211722.108
2019-08-16 11:00:00,211829.296
2019-08-16 12:00:00,211919.905
2019-08-16 13:00:00,211972.405
2019-08-16 14:00:00,212028.796
2019-08-16 15:00:00,212112.5
2019-08-16 16:00:00,212199.905
2019-08-16 17:00:00,212240.905
2019-08-16 18:00:00,212264.296
2019-08-16 19:00:00,212284.703
2019-08-16 20:00:00,212304.608
2019-08-16 21:00:00,212323.5
2019-08-16 22:00:00,212340.905
2019-08-16 23:00:00,212358.108
2019-08-17 00:00:00,212375.0
2019-08-17 01:00:00,212391.608
2019-08-17 02:00:00,212408.405
2019-08-17 03:00:00,212425.203
2019-08-17 04:00:00,212442.203
2019-08-17 05:00:00,212458.796
2019-08-17 06:00:00,212475.405
2019-08-17 07:00:00,212492.608
2019-08-17 09:00:00,212527.608
2019-08-17 10:00:00,212545.203
2019-08-17 11:00:00,212563.405
2019-08-17 12:00:00,212581.703
2019-08-17 13:00:00,212600.5
2019-08-17 14:00:00,212623.5
2019-08-17 15:00:00,212645.405
2019-08-17 16:00:00,212662.703
2019-08-17 18:00:00,212696.905
2019-08-17 19:00:00,212714.0
2019-08-17 20:00:00,212731.796
2019-08-17 21:00:00,212749.108
2019-08-17 22:00:00,212766.905
2019-08-17 23:00:00,212785.796
2019-08-18 00:00:00,212804.608
2019-08-18 01:00:00,212822.796
2019-08-18 02:00:00,212840.108
2019-08-18 03:00:00,212858.108
2019-08-18 04:00:00,212875.296
2019-08-18 05:00:00,212892.608
2019-08-18 06:00:00,212909.703
2019-08-18 07:00:00,212927.5
2019-08-18 08:00:00,212945.796
2019-08-18 09:00:00,212963.905
2019-08-18 10:00:00,212980.796
2019-08-18 12:00:00,213015.0
2019-08-18 13:00:00,213035.0
2019-08-18 14:00:00,213056.796
2019-08-18 15:00:00,213077.203
2019-08-18 16:00:00,213098.296
2019-08-18 17:00:00,213117.905
2019-08-18 18:00:00,213136.703
2019-08-18 19:00:00,213155.203
2019-08-18 20:00:00,213174.608
2019-08-18 21:00:00,213192.608
2019-08-18 22:00:00,213210.608
2019-08-19 00:00:00,213247.296
2019-08-19 01:00:00,213266.0
2019-08-19 02:00:00,213284.296
2019-08-19 03:00:00,213302.0
2019-08-19 04:00:00,213319.608
2019-08-19 05:00:00,213337.108
2019-08-19 06:00:00,213354.905
2019-08-19 07:00:00,213447.608
2019-08-19 08:00:00,213563.108
2019-08-19 09:00:00,213660.203
2019-08-19 10:00:00,213772.296
2019-08-19 11:00:00,213887.608
2019-08-19 12:00:00,214001.5
2019-08-19 13:00:00,214117.203
2019-08-19 14:00:00,214237.296
2019-08-19 15:00:00,214354.703
2019-08-19 16:00:00,214466.108
2019-08-19 17:00:00,214526.405
2019-08-19 18:00:00,214551.905
2019-08-19 19:00:00,214575.5
2019-08-19 20:00:00,214597.703
2019-08-19 21:00:00,214619.5
2019-08-19 22:00:00,214641.405
2019-08-19 23:00:00,214661.296
2019-08-20 00:00:00,214680.796
2019-08-20 01:00:00,214698.703
2019-08-20 02:00:00,214715.796
2019-08-20 03:00:00,214732.405
2019-08-20 04:00:00,214748.0
2019-08-20 05:00:00,214764.405
2019-08-20 06:00:00,214804.108
2019-08-20 07:00:00,214919.608
2019-08-20 08:00:00,215041.703
2019-08-20 09:00:00,215168.5
2019-08-20 10:00:00,215302.108
2019-08-20 11:00:00,215421.796
2019-08-20 12:00:00,215536.405
2019-08-20 13:00:00,215650.405
2019-08-20 14:00:00,215763.203
2019-08-20 16:00:00,215988.796
2019-08-20 17:00:00,216061.296
2019-08-20 18:00:00,216086.405
2019-08-20 19:00:00,216108.203
2019-08-20 20:00:00,216130.108
2019-08-20 21:00:00,216151.203
2019-08-20 22:00:00,216172.296
2019-08-20 23:00:00,216192.703
2019-08-21 00:00:00,216211.405
2019-08-21 01:00:00,216228.796
2019-08-21 02:00:00,216246.405
2019-08-21 03:00:00,216263.5
2019-08-21 04:00:00,216280.608
2019-08-21 05:00:00,216297.108
2019-08-21 06:00:00,216314.296
2019-08-21 07:00:00,216388.108
2019-08-21 08:00:00,216475.796
2019-08-21 09:00:00,216563.296
2019-08-21 10:00:00,216665.905
2019-08-21 11:00:00,216781.296
2019-08-21 12:00:00,216897.296
2019-08-21 13:00:00,217007.608
2019-08-21 14:00:00,217117.796
2019-08-21 15:00:00,217228.108
2019-08-21 16:00:00,217337.905
2019-08-21 17:00:00,217408.5
2019-08-21 18:00:00,217432.796
2019-08-21 19:00:00,217455.5
2019-08-21 20:00:00,217477.5
2019-08-21 21:00:00,217498.796
2019-08-21 22:00:00,217519.905
2019-08-21 23:00:00,217540.296
2019-08-22 00:00:00,217559.108
2019-08-22 01:00:00,217576.905
2019-08-22 03:00:00,217612.108
2019-08-22 04:00:00,217629.405
2019-08-22 05:00:00,217647.108
2019-08-22 06:00:00,217683.796
2019-08-22 07:00:00,217777.108
2019-08-22 08:00:00,217877.703
2019-08-22 10:00:00,218074.296
2019-08-22 11:00:00,218172.108
2019-08-22 13:00:00,218356.108
2019-08-22 15:00:00,218466.796
2019-08-22 16:00:00,218521.405
2019-08-22 17:00:00,218548.405
2019-08-22 18:00:00,218568.703
2019-08-22 19:00:00,218586.608
2019-08-22 20:00:00,218604.5
2019-08-22 21:00:00,218622.405
2019-08-22 22:00:00,218640.796
2019-08-22 23:00:00,218658.108
2019-08-23 00:00:00,218674.796
2019-08-23 01:00:00,218690.203
2019-08-23 02:00:00,218705.405
2019-08-23 03:00:00,218719.108
2019-08-23 04:00:00,218732.796
2019-08-23 05:00:00,218746.108
2019-08-23 06:00:00,218764.405
2019-08-23 07:00:00,218802.905
2019-08-23 08:00:00,218846.108
2019-08-23 09:00:00,218890.608
2019-08-23 10:00:00,218924.5
2019-08-23 11:00:00,218962.108
2019-08-23 12:00:00,219003.703
2019-08-23 13:00:00,219064.296
2019-08-23 15:00:00,219170.905
2019-08-23 16:00:00,219208.905
2019-08-23 17:00:00,219234.405
2019-08-23 18:00:00,219255.203
2019-08-23 19:00:00,219275.0
2019-08-23 20:00:00,219293.405
2019-08-23 21:00:00,219311.296
2019-08-23 22:00:00,219329.796
2019-08-23 23:00:00,219345.905
2019-08-24 00:00:00,219362.905
2019-08-24 01:00:00,219379.405
2019-08-24 02:00:00,219395.796
2019-08-24 03:00:00,219411.108
2019-08-24 05:00:00,219441.703
2019-08-24 06:00:00,219457.108
2019-08-24 07:00:00,219472.796
2019-08-24 08:00:00,219492.296
2019-08-24 09:00:00,219511.5
2019-08-24 10:00:00,219530.405
2019-08-24 11:00:00,219548.5
2019-08-24 12:00:00,219566.608
2019-08-24 13:00:00,219584.203
2019-08-24 14:00:00,219601.5
2019-08-24 15:00:00,219618.608
2019-08-24 16:00:00,219635.0
2019-08-24 17:00:00,219649.703
2019-08-24 18:00:00,219666.796
2019-08-24 19:00:00,219683.796
2019-08-24 20:00:00,219700.405
2019-08-24 21:00:00,219718.405
2019-08-24 22:00:00,219735.108
2019-08-24 23:00:00,219751.608
2019-08-25 00:00:00,219769.796
2019-08-25 02:00:00,219802.203
2019-08-25 03:00:00,219817.905
2019-08-25 04:00:00,219832.905
2019-08-25 05:00:00,219848.296
2019-08-25 06:00:00,219865.203
2019-08-25 07:00:00,219881.0
2019-08-25 08:00:00,219896.796
2019-08-25 09:00:00,219912.203
2019-08-25 10:00:00,219927.405
2019-08-25 11:00:00,219946.905
2019-08-25 12:00:00,219966.203
2019-08-25 13:00:00,219985.0
2019-08-25 14:00:00,220002.108
2019-08-25 15:00:00,220037.905
2019-08-25 16:00:00,220058.608
2019-08-25 17:00:00,220074.608
2019-08-25 18:00:00,220092.796
2019-08-25 19:00:00,220110.296
2019-08-25 20:00:00,220126.5
2019-08-25 21:00:00,220142.608
2019-08-25 22:00:00,220158.405
2019-08-25 23:00:00,220250.796
2019-08-26 00:00:00,220347.905
2019-08-26 01:00:00,220446.296
2019-08-26 02:00:00,220548.405
2019-08-26 03:00:00,220651.0
2019-08-26 04:00:00,220751.203
2019-08-26 05:00:00,220821.296
2019-08-26 06:00:00,220886.703
2019-08-26 07:00:00,220977.0
2019-08-26 08:00:00,221095.108
2019-08-26 09:00:00,221214.905
2019-08-26 10:00:00,221334.108
2019-08-26 11:00:00,221446.905
2019-08-26 12:00:00,221549.608
2019-08-26 13:00:00,221652.796
2019-08-26 14:00:00,221753.405
2019-08-26 15:00:00,221855.296
2019-08-26 16:00:00,221955.608
2019-08-26 17:00:00,221990.796
2019-08-26 18:00:00,222011.796
2019-08-26 19:00:00,222030.5
2019-08-26 20:00:00,222049.296
2019-08-26 21:00:00,222067.905
2019-08-26 22:00:00,222086.203
2019-08-26 23:00:00,222102.608
2019-08-27 00:00:00,222117.108
2019-08-27 01:00:00,222130.796
2019-08-27 02:00:00,222144.405
2019-08-27 03:00:00,222157.703
2019-08-27 04:00:00,222171.108
2019-08-27 05:00:00,222184.108
2019-08-27 06:00:00,222224.405
2019-08-27 07:00:00,222331.5
2019-08-27 08:00:00,222454.296
2019-08-27 09:00:00,222578.796
2019-08-27 10:00:00,222700.296
2019-08-27 11:00:00,222823.108
2019-08-27 12:00:00,222933.608
2019-08-27 13:00:00,223013.405
2019-08-27 15:00:00,223137.796
2019-08-27 16:00:00,223186.703
2019-08-27 17:00:00,223215.405
2019-08-27 19:00:00,223264.108
2019-08-27 20:00:00,223285.608
2019-08-27 21:00:00,223306.405
2019-08-27 22:00:00,223326.905
2019-08-27 23:00:00,223347.0
2019-08-28 00:00:00,223364.796
2019-08-28 01:00:00,223380.703
2019-08-28 02:00:00,223396.296
2019-08-28 03:00:00,223412.108
2019-08-28 04:00:00,223427.703
2019-08-28 05:00:00,223443.5
2019-08-28 06:00:00,223460.703
2019-08-28 07:00:00,223504.108
2019-08-28 08:00:00,223561.608
2019-08-28 09:00:00,223621.203
2019-08-28 10:00:00,223679.608
2019-08-28 11:00:00,223738.5
2019-08-28 12:00:00,223799.905
2019-08-28 13:00:00,223859.608
2019-08-28 14:00:00,223915.0
2019-08-28 15:00:00,223980.108
2019-08-28 16:00:00,224029.5
2019-08-28 17:00:00,224083.296
2019-08-28 18:00:00,224106.405
2019-08-28 19:00:00,224126.905
2019-08-28 20:00:00,224146.5
2019-08-28 21:00:00,224166.405
2019-08-28 22:00:00,224182.203
2019-08-28 23:00:00,224198.608
2019-08-29 00:00:00,224215.405
2019-08-29 01:00:00,224231.203
2019-08-29 02:00:00,224245.796
2019-08-29 03:00:00,224260.203
2019-08-29 04:00:00,224274.796
2019-08-29 05:00:00,224289.203
2019-08-29 06:00:00,224326.0
2019-08-29 07:00:00,224352.608
2019-08-29 08:00:00,224380.796
2019-08-29 09:00:00,224420.796
2019-08-29 10:00:00,224468.405
2019-08-29 11:00:00,224527.203
2019-08-29 12:00:00,224571.608
2019-08-29 13:00:00,224630.296
2019-08-29 15:00:00,224722.405
2019-08-29 16:00:00,224756.796
2019-08-29 17:00:00,224782.796
2019-08-29 18:00:00,224803.608
2019-08-29 19:00:00,224825.108
2019-08-29 20:00:00,224846.0
2019-08-29 21:00:00,224865.108
2019-08-29 22:00:00,224884.608
2019-08-29 23:00:00,224900.905
2019-08-30 00:00:00,224914.608
2019-08-30 01:00:00,224927.703
2019-08-30 02:00:00,224940.608
2019-08-30 04:00:00,224968.405
2019-08-30 05:00:00,224982.5
2019-08-30 06:00:00,224998.108
2019-08-30 07:00:00,225033.905
2019-08-30 08:00:00,225103.905
2019-08-30 09:00:00,225170.203
2019-08-30 10:00:00,225225.108
2019-08-30 11:00:00,225282.405
2019-08-30 12:00:00,225339.108
2019-08-30 13:00:00,225394.796
2019-08-30 14:00:00,225452.796
2019-08-30 15:00:00,225516.796
2019-08-30 17:00:00,225588.296
2019-08-30 18:00:00,225609.405
2019-08-30 19:00:00,225629.296
2019-08-30 20:00:00,225648.405
2019-08-30 21:00:00,225667.0
2019-08-30 22:00:00,225683.608
2019-08-30 23:00:00,225699.108
2019-08-31 00:00:00,225716.203
2019-08-31 01:00:00,225732.296
2019-08-31 02:00:00,225748.905
2019-08-31 03:00:00,225764.108
2019-08-31 04:00:00,225778.905
2019-08-31 05:00:00,225793.203
2019-08-31 06:00:00,225807.905
2019-08-31 07:00:00,225822.608
2019-08-31 08:00:00,225838.5
2019-08-31 09:00:00,225865.203
2019-08-31 10:00:00,225887.0
2019-08-31 11:00:00,225903.796
2019-08-31 12:00:00,225921.108
2019-08-31 13:00:00,225936.608
2019-08-31 14:00:00,225951.796
2019-08-31 15:00:00,225967.608
2019-08-31 16:00:00,225982.796
2019-08-31 17:00:00,225997.405
2019-08-31 18:00:00,226015.203
2019-08-31 19:00:00,226030.5
2019-08-31 20:00:00,226046.405
2019-08-31 21:00:00,226062.203
2019-08-31 22:00:00,226078.608
2019-08-31 23:00:00,226095.905
2019-09-01 00:00:00,226113.608
2019-09-01 01:00:00,226129.608
2019-09-01 03:00:00,226161.296
2019-09-01 04:00:00,226176.405
2019-09-01 05:00:00,226191.0
2019-09-01 06:00:00,226205.405
2019-09-01 07:00:00,226236.608
2019-09-01 08:00:00,226272.296
2019-09-01 09:00:00,226291.108
2019-09-01 10:00:00,226310.0
2019-09-01 11:00:00,226328.608
2019-09-01 12:00:00,226346.5
2019-09-01 13:00:00,226364.296
2019-09-01 14:00:00,226381.608
2019-09-01 15:00:00,226398.703
2019-09-01 16:00:00,226414.296
2019-09-01 17:00:00,226430.108
2019-09-01 18:00:00,226446.608
2019-09-01 19:00:00,226464.108
2019-09-01 20:00:00,226479.703
2019-09-01 21:00:00,226495.796
2019-09-01 22:00:00,226512.203
2019-09-01 23:00:00,226528.796
2019-09-02 00:00:00,226544.796
2019-09-02 02:00:00,226571.405
2019-09-02 03:00:00,226584.703
2019-09-02 05:00:00,226610.608
2019-09-02 06:00:00,226624.296
2019-09-02 07:00:00,226668.405
2019-09-02 08:00:00,226731.108
2019-09-02 09:00:00,226790.203
2019-09-02 11:00:00,226912.296
2019-09-02 12:00:00,226976.203
2019-09-02 13:00:00,227037.608
2019-09-02 14:00:00,227096.796
2019-09-02 15:00:00,227157.405
2019-09-02 16:00:00,227217.5
2019-09-02 17:00:00,227245.796
2019-09-02 18:00:00,227278.0
2019-09-02 19:00:00,227312.296
2019-09-02 20:00:00,227333.703
2019-09-02 21:00:00,227354.108
2019-09-02 22:00:00,227372.796
2019-09-02 23:00:00,227388.405
2019-09-03 00:00:00,227404.608
2019-09-03 01:00:00,227420.405
2019-09-03 02:00:00,227435.5
2019-09-03 03:00:00,227450.608
2019-09-03 04:00:00,227464.905
2019-09-03 05:00:00,227479.296
2019-09-03 06:00:00,227520.405
2019-09-03 07:00:00,227574.405
2019-09-03 08:00:00,227636.5
2019-09-03 09:00:00,227697.405
2019-09-03 10:00:00,227762.905
2019-09-03 11:00:00,227834.405
2019-09-03 12:00:00,227898.703
2019-09-03 13:00:00,227963.296
2019-09-03 14:00:00,228033.203
2019-09-03 15:00:00,228102.203
2019-09-03 16:00:00,228161.405
2019-09-03 17:00:00,228189.905
2019-09-03 18:00:00,228211.796
2019-09-03 19:00:00,228233.5
2019-09-03 20:00:00,228253.905
2019-09-03 21:00:00,228273.296
2019-09-03 22:00:00,228291.108
2019-09-03 23:00:00,228308.203
2019-09-04 00:00:00,228325.108
2019-09-04 01:00:00,228341.0
2019-09-04 02:00:00,228356.796
2019-09-04 03:00:00,228371.405
2019-09-04 04:00:00,228385.905
2019-09-04 05:00:00,228400.296
2019-09-04 06:00:00,228420.203
2019-09-04 07:00:00,228466.905
2019-09-04 08:00:00,228544.608
2019-09-04 09:00:00,228625.905
2019-09-04 10:00:00,228741.796
2019-09-04 11:00:00,228858.108
2019-09-04 12:00:00,228959.905
2019-09-04 14:00:00,229111.296
2019-09-04 15:00:00,229186.608
2019-09-04 16:00:00,229258.108
2019-11-01 00:00:00,131.687
2019-11-01 01:00:00,125.5
2019-11-01 02:00:00,114.311
2019-11-01 03:00:00,58.688
2019-11-01 04:00:00,28.905
2019-11-01 05:00:00,53.311
2019-11-01 06:00:00,54.78
2019-11-01 07:00:00,60.811
2019-11-01 08:00:00,70.811
2019-11-01 09:00:00,70.375
2019-11-01 10:00:00,33.811
2019-11-01 11:00:00,32.405
2019-11-01 12:00:00,42.5
2019-11-01 13:00:00,25.405
2019-11-01 14:00:00,25.187
2019-11-01 15:00:00,25.5
2019-11-01 16:00:00,25.405
2019-11-01 17:00:00,22.905
2019-11-01 18:00:00,18.875
2019-11-01 19:00:00,17.719
2019-11-01 20:00:00,17.0
2019-11-01 21:00:00,16.5
2019-11-01 22:00:00,17.0
2019-11-01 23:00:00,14.188
2019-11-02 00:00:00,13.311
2019-11-02 01:00:00,13.406
2019-11-02 02:00:00,13.0
2019-11-02 03:00:00,11.688
2019-11-02 04:00:00,11.906
2019-11-02 05:00:00,12.593
2019-11-02 06:00:00,12.5
2019-11-02 07:00:00,13.0
2019-11-02 08:00:00,13.093
2019-11-02 09:00:00,12.906
2019-11-02 10:00:00,13.311
2019-11-02 11:00:00,13.593
2019-11-02 12:00:00,13.781
2019-11-02 13:00:00,14.311
2019-11-02 14:00:00,13.0
2019-11-02 15:00:00,13.406
2019-11-02 16:00:00,13.781
2019-11-02 17:00:00,13.811
2019-11-02 18:00:00,13.688
2019-11-02 19:00:00,13.718
2019-11-02 20:00:00,14.0
2019-11-02 21:00:00,14.0
2019-11-02 22:00:00,13.5
2019-11-02 23:00:00,12.5
2019-11-03 00:00:00,12.0
2019-11-03 01:00:00,11.906
2019-11-03 02:00:00,11.688
2019-11-03 03:00:00,11.906
2019-11-03 04:00:00,11.781
2019-11-03 05:00:00,12.218
2019-11-03 06:00:00,12.0
2019-11-03 07:00:00,12.281
2019-11-03 08:00:00,13.718
2019-11-03 09:00:00,12.688
2019-11-03 10:00:00,13.093
2019-11-03 11:00:00,12.811
2019-11-03 12:00:00,12.906
2019-11-03 13:00:00,12.593
2019-11-03 14:00:00,12.688
2019-11-03 15:00:00,12.311
2019-11-03 16:00:00,13.0
2019-11-03 17:00:00,12.5
2019-11-03 18:00:00,12.688
2019-11-03 19:00:00,12.5
2019-11-03 20:00:00,12.718
2019-11-03 21:00:00,12.906
2019-11-03 22:00:00,12.875
2019-11-03 23:00:00,39.905
2019-11-04 00:00:00,59.719
2019-11-04 01:00:00,60.094
2019-11-04 02:00:00,60.78
2019-11-04 03:00:00,60.719
2019-11-04 04:00:00,63.28
2019-11-04 05:00:00,65.218
2019-11-04 06:00:00,67.0
2019-11-04 07:00:00,74.5
2019-11-04 08:00:00,80.781
2019-11-04 09:00:00,101.218
2019-11-04 10:00:00,88.281
2019-11-04 11:00:00,68.218
2019-11-04 12:00:00,48.594
2019-11-04 13:00:00,54.094
2019-11-04 14:00:00,50.905
2019-11-04 15:00:00,50.405
2019-11-04 16:00:00,55.188
2019-11-04 17:00:00,24.905
2019-11-04 18:00:00,22.094
2019-11-04 19:00:00,20.094
2019-11-04 20:00:00,18.812
2019-11-04 21:00:00,18.594
2019-11-04 22:00:00,18.812
2019-11-04 23:00:00,15.5
2019-11-05 04:00:00,16.187
2019-11-05 05:00:00,16.219
2019-11-05 06:00:00,16.28
2019-11-05 07:00:00,49.5
2019-11-05 08:00:00,77.311
2019-11-05 09:00:00,78.0
2019-11-05 10:00:00,78.906
2019-11-05 11:00:00,82.281
2019-11-05 12:00:00,64.811
2019-11-05 13:00:00,61.905
2019-11-05 14:00:00,49.28
2019-11-05 15:00:00,49.311
2019-11-05 16:00:00,38.5
2019-11-05 17:00:00,23.187
2019-11-05 18:00:00,19.0
2019-11-05 19:00:00,18.0
2019-11-05 20:00:00,17.0
2019-11-05 21:00:00,16.719
2019-11-05 22:00:00,16.687
2019-11-05 23:00:00,14.906
2019-11-06 00:00:00,13.188
2019-11-06 01:00:00,13.5
2019-11-06 02:00:00,13.0
2019-11-06 03:00:00,13.906
2019-11-06 04:00:00,13.811
2019-11-06 05:00:00,61.905
2019-11-06 06:00:00,68.093
2019-11-06 07:00:00,75.781
2019-11-06 08:00:00,85.311
2019-11-06 09:00:00,75.688
2019-11-06 10:00:00,91.311
2019-11-06 11:00:00,143.312
2019-11-06 12:00:00,80.875
2019-11-06 13:00:00,68.125
2019-11-06 14:00:00,66.688
2019-11-06 15:00:00,66.5
2019-11-06 16:00:00,69.593
2019-11-06 17:00:00,65.718
2019-11-06 18:00:00,42.0
2019-11-06 19:00:00,17.875
2019-11-06 20:00:00,15.218
2019-11-06 21:00:00,14.781
2019-11-06 22:00:00,14.406
2019-11-06 23:00:00,13.811
2019-11-07 00:00:00,27.78
2019-11-07 01:00:00,63.0
2019-11-07 02:00:00,63.625
2019-11-07 03:00:00,62.688
2019-11-07 04:00:00,63.688
2019-11-07 05:00:00,67.406
2019-11-07 06:00:00,61.905
2019-11-07 07:00:00,62.405
2019-11-07 08:00:00,82.593
2019-11-07 09:00:00,62.405
2019-11-07 10:00:00,65.906
2019-11-07 11:00:00,58.375
2019-11-07 12:00:00,53.0
2019-11-07 13:00:00,53.125
2019-11-07 14:00:00,50.594
2019-11-07 15:00:00,44.905
2019-11-07 16:00:00,26.094
2019-11-07 17:00:00,22.0
2019-11-07 18:00:00,20.0
2019-11-07 19:00:00,18.78
2019-11-07 20:00:00,16.812
2019-11-07 21:00:00,16.594
2019-11-07 22:00:00,15.906
2019-11-07 23:00:00,14.188
2019-11-08 00:00:00,13.406
2019-11-08 01:00:00,13.311
2019-11-08 02:00:00,13.0
2019-11-08 03:00:00,13.281
2019-11-08 04:00:00,13.218
2019-11-08 05:00:00,13.5
2019-11-08 06:00:00,36.094
2019-11-08 07:00:00,68.688
2019-11-08 08:00:00,82.5
2019-11-08 09:00:00,79.906
2019-11-08 10:00:00,81.906
2019-11-08 13:00:00,70.811
2019-11-08 14:00:00,81.5
2019-11-08 15:00:00,80.188
2019-11-08 16:00:00,37.811
2019-11-08 17:00:00,21.187
2019-11-08 18:00:00,18.719
2019-11-08 19:00:00,29.0
2019-11-08 20:00:00,17.687
2019-11-08 21:00:00,16.312
2019-11-08 22:00:00,15.188
2019-11-08 23:00:00,14.811
2019-11-09 00:00:00,13.406
2019-11-09 01:00:00,12.781
2019-11-09 02:00:00,12.406
2019-11-09 03:00:00,11.811
2019-11-09 04:00:00,12.093
2019-11-09 05:00:00,12.281
2019-11-09 06:00:00,12.311
2019-11-09 07:00:00,16.405
2019-11-09 08:00:00,18.187
2019-11-09 09:00:00,17.094
2019-11-09 10:00:00,20.0
2019-11-09 11:00:00,19.312
2019-11-09 12:00:00,20.5
2019-11-09 13:00:00,18.905
2019-11-09 14:00:00,19.187
2019-11-09 15:00:00,19.719
2019-11-09 16:00:00,20.78
2019-11-09 17:00:00,15.906
2019-11-09 18:00:00,15.406
2019-11-09 19:00:00,15.5
2019-11-09 20:00:00,15.906
2019-11-09 21:00:00,15.093
2019-11-09 22:00:00,14.406
2019-11-09 23:00:00,13.281
2019-11-10 00:00:00,13.311
2019-11-10 01:00:00,13.406
2019-11-10 02:00:00,13.0
2019-11-10 03:00:00,12.593
2019-11-10 04:00:00,12.188
2019-11-10 05:00:00,12.406
2019-11-10 06:00:00,12.406
2019-11-10 07:00:00,12.781
2019-11-10 08:00:00,13.406
2019-11-10 09:00:00,13.0
2019-11-10 10:00:00,12.811
2019-11-10 11:00:00,12.781
2019-11-10 12:00:00,12.811
2019-11-10 13:00:00,12.906
2019-11-10 14:00:00,12.906
2019-11-10 15:00:00,13.375
2019-11-10 16:00:00,12.906
2019-11-10 17:00:00,12.906
2019-11-10 18:00:00,13.811
2019-11-10 19:00:00,13.781
2019-11-10 20:00:00,17.905
2019-11-10 21:00:00,13.688
2019-11-10 22:00:00,15.406
2019-11-10 23:00:00,57.094
2019-11-11 00:00:00,59.125
2019-11-11 01:00:00,59.188
2019-11-11 02:00:00,60.0
2019-11-11 03:00:00,60.905
2019-11-11 04:00:00,60.688
2019-11-11 05:00:00,62.905
2019-11-11 06:00:00,64.406
2019-11-11 07:00:00,75.281
2019-11-11 08:00:00,83.625
2019-11-11 09:00:00,80.593
2019-11-11 10:00:00,88.781
2019-11-11 11:00:00,107.811
2019-11-11 12:00:00,84.5
2019-11-11 13:00:00,72.5
2019-11-11 14:00:00,55.188
2019-11-11 15:00:00,86.811
2019-11-11 16:00:00,60.688
2019-11-11 17:00:00,22.0
2019-11-11 18:00:00,44.811
2019-11-11 19:00:00,23.405
2019-11-11 20:00:00,15.906
2019-11-11 21:00:00,15.688
2019-11-11 22:00:00,16.905
2019-11-11 23:00:00,22.5
2019-11-12 00:00:00,99.5
2019-11-12 01:00:00,102.093
2019-11-12 02:00:00,102.688
2019-11-12 03:00:00,104.5
2019-11-12 04:00:00,104.811
2019-11-12 05:00:00,108.906
2019-11-12 06:00:00,117.781
2019-11-12 07:00:00,117.0
2019-11-12 08:00:00,126.0
2019-11-12 09:00:00,127.0
2019-11-12 10:00:00,127.718
2019-11-12 11:00:00,63.405
2019-11-12 12:00:00,81.688
2019-11-12 13:00:00,42.5
2019-11-12 14:00:00,27.594
2019-11-12 15:00:00,24.905
2019-11-12 16:00:00,65.0
2019-11-12 17:00:00,38.405
2019-11-12 18:00:00,19.5
2019-11-12 19:00:00,17.78
2019-11-12 20:00:00,18.219
2019-11-12 21:00:00,16.5
2019-11-12 22:00:00,16.5
2019-11-12 23:00:00,96.281
2019-11-13 00:00:00,105.718
2019-11-13 01:00:00,106.906
2019-11-13 02:00:00,107.688
2019-11-13 03:00:00,108.0
2019-11-13 04:00:00,108.188
2019-11-13 05:00:00,129.625
2019-11-13 06:00:00,162.687
2019-11-13 07:00:00,123.5
2019-11-13 08:00:00,130.906
2019-11-13 09:00:00,144.593
2019-11-13 10:00:00,150.187
2019-11-13 11:00:00,200.5
2019-11-13 12:00:00,174.312
2019-11-13 13:00:00,100.311
2019-11-13 14:00:00,87.688
2019-11-13 15:00:00,82.5
2019-11-13 16:00:00,62.094
2019-11-13 17:00:00,23.5
2019-11-13 18:00:00,20.594
2019-11-13 19:00:00,18.625
2019-11-13 20:00:00,16.594
2019-11-13 21:00:00,16.28
2019-11-13 22:00:00,45.5
2019-11-13 23:00:00,105.218
2019-11-14 00:00:00,105.781
2019-11-14 01:00:00,105.811
2019-11-14 02:00:00,106.688
2019-11-14 03:00:00,106.718
2019-11-14 04:00:00,102.781
2019-11-14 05:00:00,139.0
2019-11-14 06:00:00,159.312
2019-11-14 07:00:00,169.906
2019-11-14 08:00:00,209.093
2019-11-14 09:00:00,204.5
2019-11-14 10:00:00,65.593
2019-11-14 11:00:00,88.0
2019-11-14 12:00:00,81.311
2019-11-14 13:00:00,71.781
2019-11-14 14:00:00,25.312
2019-11-14 15:00:00,37.0
2019-11-14 16:00:00,58.688
2019-11-14 17:00:00,22.812
2019-11-14 18:00:00,18.905
2019-11-14 19:00:00,17.78
2019-11-14 20:00:00,17.312
2019-11-14 21:00:00,16.905
2019-11-14 22:00:00,26.78
2019-11-14 23:00:00,71.5
2019-11-15 00:00:00,72.406
2019-11-15 01:00:00,72.906
2019-11-15 02:00:00,73.406
2019-11-15 03:00:00,74.906
2019-11-15 04:00:00,52.0
2019-11-15 05:00:00,138.375
2019-11-15 06:00:00,140.0
2019-11-15 07:00:00,80.218
2019-11-15 08:00:00,95.188
2019-11-15 09:00:00,102.093
2019-11-15 10:00:00,86.718
2019-11-15 11:00:00,85.688
2019-11-15 12:00:00,85.406
2019-11-15 13:00:00,83.906
2019-11-15 14:00:00,86.0
2019-11-15 15:00:00,82.688
2019-11-15 16:00:00,63.594
2019-11-15 17:00:00,24.0
2019-11-15 18:00:00,21.0
2019-11-15 19:00:00,18.5
2019-11-15 20:00:00,17.0
2019-11-15 21:00:00,17.625
2019-11-15 22:00:00,15.375
2019-11-15 23:00:00,15.0
2019-11-16 00:00:00,14.311
2019-11-16 01:00:00,14.093
2019-11-16 02:00:00,12.906
2019-11-16 03:00:00,12.688
2019-11-16 04:00:00,12.311
2019-11-16 05:00:00,15.188
2019-11-16 06:00:00,19.405
2019-11-16 07:00:00,21.219
2019-11-16 08:00:00,18.0
2019-11-16 09:00:00,16.0
2019-11-16 10:00:00,17.687
2019-11-16 11:00:00,17.5
2019-11-16 12:00:00,19.687
2019-11-16 13:00:00,19.0
2019-11-16 14:00:00,18.5
2019-11-16 15:00:00,18.812
2019-11-16 16:00:00,16.905
2019-11-16 17:00:00,15.593
2019-11-16 18:00:00,15.811
2019-11-16 19:00:00,16.094
2019-11-16 20:00:00,16.094
2019-11-16 21:00:00,15.688
2019-11-16 22:00:00,15.311
2019-11-16 23:00:00,15.311
2019-11-17 00:00:00,15.0
2019-11-17 01:00:00,14.281
2019-11-17 02:00:00,14.311
2019-11-17 03:00:00,13.281
2019-11-17 04:00:00,13.406
2019-11-17 05:00:00,13.406
2019-11-17 06:00:00,13.688
2019-11-17 07:00:00,14.218
2019-11-17 08:00:00,15.781
2019-11-17 09:00:00,16.312
2019-11-17 10:00:00,16.187
2019-11-17 11:00:00,15.906
2019-11-17 12:00:00,15.5
2019-11-17 13:00:00,15.311
2019-11-17 14:00:00,15.281
2019-11-17 15:00:00,15.311
2019-11-17 16:00:00,15.188
2019-11-17 17:00:00,15.811
2019-11-17 18:00:00,16.905
2019-11-17 19:00:00,20.594
2019-11-17 20:00:00,23.594
2019-11-17 21:00:00,147.312
2019-11-17 22:00:00,153.281
2019-11-17 23:00:00,155.625
2019-11-18 00:00:00,157.0
2019-11-18 01:00:00,158.187
2019-11-18 02:00:00,160.312
2019-11-18 03:00:00,161.093
2019-11-18 04:00:00,163.0
2019-11-18 05:00:00,171.281
2019-11-18 06:00:00,177.5
2019-11-18 07:00:00,182.218
2019-11-18 08:00:00,184.593
2019-11-18 09:00:00,187.0
2019-11-18 10:00:00,186.406
2019-11-18 11:00:00,188.187
2019-11-18 12:00:00,199.093
2019-11-18 13:00:00,133.812
2019-11-18 14:00:00,34.188
2019-11-18 15:00:00,29.312
2019-11-18 16:00:00,31.187
2019-11-18 17:00:00,25.719
2019-11-18 18:00:00,20.78
2019-11-18 19:00:00,19.625
2019-11-18 20:00:00,18.375
2019-11-18 21:00:00,17.812
2019-11-18 22:00:00,119.406
2019-11-18 23:00:00,155.781
2019-11-19 00:00:00,157.718
2019-11-19 01:00:00,160.406
2019-11-19 02:00:00,169.187
2019-11-19 03:00:00,167.312
2019-11-19 04:00:00,167.593
2019-11-19 05:00:00,170.5
2019-11-19 06:00:00,176.0
2019-11-19 07:00:00,181.781
2019-11-19 08:00:00,213.906
2019-11-19 09:00:00,191.406
2019-11-19 10:00:00,103.188
2019-11-19 11:00:00,124.5
2019-11-19 12:00:00,161.718
2019-11-19 13:00:00,152.0
2019-11-19 14:00:00,150.5
2019-11-19 15:00:00,106.906
2019-11-19 16:00:00,53.688
2019-11-19 17:00:00,24.905
2019-11-19 18:00:00,20.405
2019-11-19 19:00:00,19.875
2019-11-19 20:00:00,20.625
2019-11-19 21:00:00,20.094
2019-11-19 22:00:00,20.405
2019-11-19 23:00:00,17.594
2019-11-20 00:00:00,99.406
2019-11-20 01:00:00,118.593
2019-11-20 02:00:00,121.093
2019-11-20 03:00:00,121.906
2019-11-20 04:00:00,122.5
2019-11-20 05:00:00,125.781
2019-11-20 06:00:00,132.0
2019-11-20 07:00:00,140.218
2019-11-20 08:00:00,150.593
2019-11-20 09:00:00,68.688
2019-11-20 10:00:00,33.0
2019-11-20 11:00:00,107.311
2019-11-20 12:00:00,145.906
2019-11-20 13:00:00,122.281
2019-11-20 14:00:00,33.625
2019-11-20 15:00:00,33.0
2019-11-20 16:00:00,42.688
2019-11-20 17:00:00,26.187
2019-11-20 18:00:00,21.0
2019-11-20 19:00:00,18.312
2019-11-20 20:00:00,17.687
2019-11-20 21:00:00,18.312
2019-11-20 22:00:00,29.0
2019-11-20 23:00:00,63.5
2019-11-21 00:00:00,63.188
2019-11-21 01:00:00,63.311
2019-11-21 02:00:00,63.688
2019-11-21 03:00:00,63.811
2019-11-21 04:00:00,63.5
2019-11-21 05:00:00,89.0
2019-11-21 06:00:00,130.5
2019-11-21 07:00:00,145.312
2019-11-21 08:00:00,176.093
2019-11-21 09:00:00,181.406
2019-11-21 10:00:00,104.688
2019-11-21 11:00:00,143.906
2019-11-21 12:00:00,142.781
2019-11-21 14:00:00,89.811
2019-11-21 15:00:00,38.594
2019-11-21 16:00:00,54.811
2019-11-21 17:00:00,26.594
2019-11-21 18:00:00,21.0
2019-11-21 19:00:00,20.594
2019-11-21 20:00:00,18.312
2019-11-21 21:00:00,17.594
2019-11-21 22:00:00,15.406
2019-11-21 23:00:00,103.593
2019-11-22 00:00:00,120.0
2019-11-22 01:00:00,120.688
2019-11-22 02:00:00,121.906
2019-11-22 03:00:00,123.218
2019-11-22 04:00:00,123.781
2019-11-22 05:00:00,125.718
2019-11-22 06:00:00,130.187
2019-11-22 07:00:00,138.0
2019-11-22 08:00:00,168.687
2019-11-22 09:00:00,104.906
2019-11-22 10:00:00,101.593
2019-11-22 11:00:00,202.718
2019-11-22 12:00:00,201.781
2019-11-22 14:00:00,204.0
2019-11-22 15:00:00,197.406
2019-11-22 16:00:00,105.406
2019-11-22 17:00:00,24.875
2019-11-22 18:00:00,20.719
2019-11-22 19:00:00,18.28
2019-11-22 20:00:00,17.405
2019-11-22 21:00:00,17.312
2019-11-22 22:00:00,17.0
2019-11-22 23:00:00,16.687
2019-11-23 00:00:00,15.811
2019-11-23 01:00:00,13.281
2019-11-23 02:00:00,13.311
2019-11-23 03:00:00,13.5
2019-11-23 04:00:00,12.811
2019-11-23 05:00:00,12.781
2019-11-23 06:00:00,13.406
2019-11-23 07:00:00,13.688
2019-11-23 08:00:00,14.5
2019-11-23 09:00:00,0.0
2019-11-23 10:00:00,0.0
2019-11-23 11:00:00,0.0
2019-11-23 12:00:00,0.0
2019-11-23 13:00:00,0.0
2019-11-23 14:00:00,0.0
2019-11-23 15:00:00,0.0
2019-11-23 16:00:00,0.0
2019-11-23 17:00:00,0.0
2019-11-23 18:00:00,0.0
2019-11-23 19:00:00,0.0
2019-11-23 20:00:00,0.0
2019-11-23 21:00:00,0.0
2019-11-23 22:00:00,0.0
2019-11-23 23:00:00,0.0
2019-11-24 00:00:00,0.0
2019-11-24 01:00:00,0.0
2019-11-24 02:00:00,0.0
2019-11-24 03:00:00,0.0
2019-11-24 04:00:00,0.0
2019-11-24 05:00:00,0.0
2019-11-24 06:00:00,0.0
2019-11-24 07:00:00,0.0
2019-11-24 14:00:00,0.0
2019-11-24 15:00:00,0.0
2019-11-24 16:00:00,0.0
2019-11-24 17:00:00,0.0
2019-11-24 18:00:00,0.0
2019-11-24 22:00:00,0.0
2019-11-24 23:00:00,0.0
2019-11-25 00:00:00,0.0
2019-11-25 01:00:00,0.0
2019-11-25 02:00:00,0.0
2019-11-25 03:00:00,0.0
2019-11-25 04:00:00,0.0
2019-11-25 05:00:00,0.0
2019-11-25 06:00:00,0.0
2019-11-25 07:00:00,0.0
2019-11-25 08:00:00,0.0
2019-11-25 09:00:00,0.0
2019-11-25 10:00:00,0.0
2019-11-25 11:00:00,0.0
2019-11-25 12:00:00,0.0
2019-11-25 13:00:00,0.0
2019-11-25 14:00:00,0.0
2019-11-25 15:00:00,0.0
2019-11-25 16:00:00,0.0
2019-11-25 17:00:00,4241.811
2019-11-25 18:00:00,21.405
2019-11-25 19:00:00,19.28
2019-11-25 20:00:00,18.5
2019-11-25 21:00:00,17.905
2019-11-25 22:00:00,59.719
2019-11-25 23:00:00,143.593
2019-11-26 00:00:00,144.781
2019-11-26 01:00:00,143.812
2019-11-26 02:00:00,145.406
2019-11-26 03:00:00,146.781
2019-11-26 04:00:00,146.906
2019-11-26 05:00:00,152.093
2019-11-26 06:00:00,162.718
2019-11-26 07:00:00,171.406
2019-11-26 08:00:00,115.375
2019-11-26 09:00:00,176.218
2019-11-26 10:00:00,183.281
2019-11-26 11:00:00,180.125
2019-11-26 12:00:00,186.5
2019-11-26 13:00:00,199.593
2019-11-26 14:00:00,176.781
2019-11-26 15:00:00,177.812
2019-11-26 16:00:00,123.093
2019-11-26 17:00:00,50.219
2019-11-26 18:00:00,26.187
2019-11-26 19:00:00,19.905
2019-11-26 20:00:00,19.187
2019-11-26 21:00:00,19.094
2019-11-26 22:00:00,43.0
2019-11-26 23:00:00,149.125
2019-11-27 00:00:00,149.875
2019-11-27 01:00:00,152.906
2019-11-27 02:00:00,152.812
2019-11-27 03:00:00,153.187
2019-11-27 04:00:00,153.906
2019-11-27 05:00:00,162.0
2019-11-27 06:00:00,166.312
2019-11-27 07:00:00,175.375
2019-11-27 08:00:00,180.312
2019-11-27 09:00:00,179.687
2019-11-27 10:00:00,181.125
2019-11-27 11:00:00,186.875
2019-11-27 12:00:00,188.218
2019-11-27 13:00:00,68.0
2019-11-27 14:00:00,94.781
2019-11-27 15:00:00,88.906
2019-11-27 16:00:00,31.312
2019-11-27 17:00:00,25.0
2019-11-27 18:00:00,20.094
2019-11-27 19:00:00,44.811
2019-11-27 20:00:00,21.687
2019-11-27 21:00:00,19.187
2019-11-27 22:00:00,16.719
2019-11-27 23:00:00,138.593
2019-11-28 00:00:00,149.312
2019-11-28 01:00:00,150.375
2019-11-28 02:00:00,152.5
2019-11-28 03:00:00,153.312
2019-11-28 04:00:00,153.906
2019-11-28 05:00:00,154.781
2019-11-28 06:00:00,161.218
2019-11-28 07:00:00,143.281
2019-11-28 08:00:00,29.905
2019-11-28 09:00:00,29.312
2019-11-28 10:00:00,29.594
2019-11-28 11:00:00,29.405
2019-11-28 12:00:00,26.405
2019-11-28 13:00:00,150.781
2019-11-28 14:00:00,178.218
2019-11-28 15:00:00,162.0
2019-11-28 16:00:00,29.375
2019-11-28 17:00:00,33.719
2019-11-28 18:00:00,21.28
2019-11-28 19:00:00,18.5
2019-11-28 20:00:00,18.5
2019-11-28 21:00:00,18.219
2019-11-28 22:00:00,18.28
2019-11-28 23:00:00,198.625
2019-11-29 00:00:00,180.375
2019-11-29 01:00:00,115.5
2019-11-29 02:00:00,39.5
2019-11-29 03:00:00,70.811
2019-11-29 04:00:00,96.188
2019-11-29 05:00:00,97.218
2019-11-29 06:00:00,75.906
2019-11-29 07:00:00,19.187
2019-11-29 08:00:00,29.094
2019-11-29 09:00:00,27.405
2019-11-29 10:00:00,26.094
2019-11-29 11:00:00,25.5
2019-11-29 12:00:00,23.905
2019-11-29 13:00:00,29.187
2019-11-29 14:00:00,55.0
2019-11-29 15:00:00,34.125
2019-11-29 16:00:00,25.875
2019-11-29 17:00:00,35.311
2019-11-29 18:00:00,20.405
2019-11-29 19:00:00,18.78
2019-11-29 20:00:00,17.719
2019-11-29 21:00:00,18.5
2019-11-29 22:00:00,18.094
2019-11-29 23:00:00,154.906
2019-11-30 00:00:00,168.406
2019-11-30 01:00:00,174.187
2019-11-30 02:00:00,181.906
2019-11-30 03:00:00,190.5
2019-11-30 04:00:00,193.781
2019-11-30 05:00:00,183.0
2019-11-30 06:00:00,20.719
2019-11-30 07:00:00,14.093
2019-11-30 08:00:00,15.906
2019-11-30 09:00:00,16.094
2019-11-30 10:00:00,15.906
2019-11-30 11:00:00,15.688
2019-11-30 12:00:00,17.312
2019-11-30 13:00:00,17.28
2019-11-30 14:00:00,16.312
2019-11-30 15:00:00,16.687
2019-11-30 16:00:00,16.312
2019-11-30 17:00:00,16.312
2019-11-30 18:00:00,16.094
2019-11-30 19:00:00,16.0
2019-11-30 20:00:00,15.406
2019-11-30 21:00:00,14.688
2019-11-30 22:00:00,14.5
2019-11-30 23:00:00,13.188
2019-12-01 00:00:00,12.625
2019-12-01 01:00:00,12.688
2019-12-01 02:00:00,12.593
2019-12-01 03:00:00,13.406
2019-12-01 04:00:00,12.688
2019-12-01 05:00:00,12.718
2019-12-01 06:00:00,12.593
2019-12-01 07:00:00,13.188
2019-12-01 08:00:00,15.218
2019-12-01 09:00:00,16.0
2019-12-01 10:00:00,15.593
2019-12-01 11:00:00,15.311
2019-12-01 12:00:00,15.688
2019-12-01 13:00:00,17.187
2019-12-01 14:00:00,17.0
2019-12-01 15:00:00,26.405
2019-12-01 16:00:00,17.094
2019-12-01 17:00:00,17.125
2019-12-01 18:00:00,16.5
2019-12-01 19:00:00,16.28
2019-12-01 20:00:00,16.405
2019-12-01 21:00:00,16.405
2019-12-01 22:00:00,16.187
2019-12-01 23:00:00,127.718
2019-12-02 00:00:00,131.687
2019-12-02 01:00:00,133.593
2019-12-02 02:00:00,137.593
2019-12-02 03:00:00,138.906
2019-12-02 04:00:00,139.812
2019-12-02 05:00:00,141.187
2019-12-02 06:00:00,109.906
2019-12-02 07:00:00,29.594
2019-12-02 08:00:00,60.811
2019-12-02 09:00:00,56.905
2019-12-02 10:00:00,33.594
2019-12-02 11:00:00,130.5
2019-12-02 12:00:00,184.593
2019-12-02 13:00:00,131.812
2019-12-02 14:00:00,124.0
2019-12-02 15:00:00,46.78
2019-12-02 16:00:00,128.093
2019-12-02 17:00:00,164.312
2019-12-02 18:00:00,159.0
2019-12-02 19:00:00,159.593
2019-12-02 20:00:00,156.906
2019-12-02 21:00:00,142.687
2019-12-02 22:00:00,18.312
2019-12-02 23:00:00,52.5
2019-12-03 00:00:00,180.0
2019-12-03 01:00:00,186.187
2019-12-03 02:00:00,144.0
2019-12-03 03:00:00,131.812
2019-12-03 04:00:00,144.687
2019-12-03 05:00:00,148.312
2019-12-03 06:00:00,114.5
2019-12-03 07:00:00,21.0
2019-12-03 08:00:00,29.312
2019-12-03 09:00:00,41.688
2019-12-03 10:00:00,172.906
2019-12-03 11:00:00,173.781
2019-12-03 12:00:00,169.625
2019-12-03 13:00:00,146.375
2019-12-03 14:00:00,116.906
2019-12-03 15:00:00,114.093
2019-12-03 16:00:00,171.812
2019-12-03 17:00:00,172.906
2019-12-03 18:00:00,90.781
2019-12-03 19:00:00,20.5
2019-12-03 20:00:00,19.312
2019-12-03 21:00:00,18.905
2019-12-03 22:00:00,21.905
2019-12-03 23:00:00,178.375
2019-12-04 00:00:00,183.718
2019-12-04 01:00:00,192.0
2019-12-04 02:00:00,201.187
2019-12-04 03:00:00,121.811
2019-12-04 04:00:00,143.593
2019-12-04 05:00:00,145.5
2019-12-04 06:00:00,112.093
2019-12-04 07:00:00,21.094
2019-12-04 08:00:00,30.5
2019-12-04 09:00:00,29.719
2019-12-04 10:00:00,28.594
2019-12-04 11:00:00,108.406
2019-12-04 12:00:00,172.093
2019-12-04 13:00:00,175.187
2019-12-04 14:00:00,173.906
2019-12-04 15:00:00,176.812
2019-12-04 16:00:00,179.781
2019-12-04 17:00:00,33.311
2019-12-04 18:00:00,20.905
2019-12-04 19:00:00,19.0
2019-12-04 20:00:00,18.594
2019-12-04 21:00:00,17.812
2019-12-04 22:00:00,20.5
2019-12-04 23:00:00,171.593
2019-12-05 00:00:00,180.406
2019-12-05 01:00:00,187.093
2019-12-05 02:00:00,195.093
2019-12-05 03:00:00,156.687
2019-12-05 04:00:00,141.0
2019-12-05 05:00:00,144.5
2019-12-05 06:00:00,111.406
2019-12-05 07:00:00,19.594
2019-12-05 08:00:00,31.812
2019-12-05 09:00:00,30.687
2019-12-05 10:00:00,26.719
2019-12-05 11:00:00,151.0
2019-12-05 12:00:00,173.0
2019-12-05 13:00:00,176.281
2019-12-05 14:00:00,178.312
2019-12-05 15:00:00,177.906
2019-12-05 16:00:00,169.093
2019-12-05 17:00:00,26.687
2019-12-05 18:00:00,19.0
2019-12-05 19:00:00,18.905
2019-12-05 20:00:00,18.719
2019-12-05 21:00:00,17.375
2019-12-05 22:00:00,19.0
2019-12-05 23:00:00,169.0
2019-12-06 00:00:00,178.718
2019-12-06 01:00:00,186.593
2019-12-06 02:00:00,194.312
2019-12-06 03:00:00,154.375
2019-12-06 04:00:00,139.625
2019-12-06 05:00:00,143.281
2019-12-06 06:00:00,108.811
2019-12-06 07:00:00,18.187
2019-12-06 08:00:00,30.594
2019-12-06 09:00:00,28.312
2019-12-06 10:00:00,28.405
2019-12-06 11:00:00,66.781
2019-12-06 12:00:00,26.5
2019-12-06 13:00:00,78.5
2019-12-06 14:00:00,73.811
2019-12-06 15:00:00,154.406
2019-12-06 16:00:00,117.0
2019-12-06 17:00:00,25.5
2019-12-06 18:00:00,19.28
2019-12-06 19:00:00,17.812
2019-12-06 20:00:00,17.187
2019-12-06 21:00:00,17.0
2019-12-06 22:00:00,16.219
2019-12-06 23:00:00,121.406
2019-12-07 00:00:00,163.187
2019-12-07 01:00:00,170.906
2019-12-07 02:00:00,178.281
2019-12-07 03:00:00,186.718
2019-12-07 04:00:00,195.593
2019-12-07 05:00:00,137.406
2019-12-07 06:00:00,115.0
2019-12-07 07:00:00,14.093
2019-12-07 08:00:00,20.687
2019-12-07 09:00:00,25.125
2019-12-07 10:00:00,24.0
2019-12-07 11:00:00,23.5
2019-12-07 12:00:00,22.28
2019-12-07 13:00:00,16.312
2019-12-07 14:00:00,16.905
2019-12-07 15:00:00,15.593
2019-12-07 16:00:00,15.781
2019-12-07 17:00:00,16.812
2019-12-07 18:00:00,15.5
2019-12-07 19:00:00,15.0
2019-12-07 20:00:00,14.406
2019-12-07 21:00:00,13.688
2019-12-07 22:00:00,13.811
2019-12-07 23:00:00,69.5
2019-12-08 00:00:00,132.0
2019-12-08 01:00:00,134.593
2019-12-08 02:00:00,135.812
2019-12-08 03:00:00,138.593
2019-12-08 04:00:00,138.781
2019-12-08 05:00:00,140.718
2019-12-08 06:00:00,142.406
2019-12-08 07:00:00,25.687
2019-12-08 08:00:00,15.593
2019-12-08 09:00:00,16.219
2019-12-08 10:00:00,16.187
2019-12-08 11:00:00,16.405
2019-12-08 12:00:00,16.0
2019-12-08 13:00:00,15.906
2019-12-08 14:00:00,15.688
2019-12-08 15:00:00,17.0
2019-12-08 16:00:00,17.5
2019-12-08 17:00:00,19.187
2019-12-08 18:00:00,18.219
2019-12-08 19:00:00,17.5
2019-12-08 20:00:00,18.5
2019-12-08 21:00:00,17.687
2019-12-08 22:00:00,17.905
2019-12-08 23:00:00,74.593
2019-12-09 00:00:00,135.0
2019-12-09 01:00:00,137.093
2019-12-09 02:00:00,136.718
2019-12-09 03:00:00,142.281
2019-12-09 04:00:00,141.218
2019-12-09 05:00:00,140.5
2019-12-09 06:00:00,142.093
2019-12-09 07:00:00,28.312
2019-12-09 08:00:00,39.28
2019-12-09 09:00:00,36.405
2019-12-09 10:00:00,35.405
2019-12-09 11:00:00,141.906
2019-12-09 12:00:00,123.688
2019-12-09 13:00:00,37.5
2019-12-09 14:00:00,27.905
2019-12-09 15:00:00,27.094
2019-12-09 16:00:00,27.687
2019-12-09 17:00:00,140.0
2019-12-09 18:00:00,152.218
2019-12-09 19:00:00,151.281
2019-12-09 20:00:00,151.218
2019-12-09 21:00:00,140.281
2019-12-09 22:00:00,18.905
2019-12-09 23:00:00,166.593
2019-12-10 00:00:00,175.5
2019-12-10 01:00:00,184.312
2019-12-10 02:00:00,192.187
2019-12-10 03:00:00,199.312
2019-12-10 04:00:00,109.906
2019-12-10 05:00:00,139.781
2019-12-10 06:00:00,92.406
2019-12-10 07:00:00,19.405
2019-12-10 08:00:00,43.594
2019-12-10 09:00:00,65.811
2019-12-10 10:00:00,44.28
2019-12-10 11:00:00,112.811
2019-12-10 12:00:00,177.687
2019-12-10 13:00:00,170.5
2019-12-10 14:00:00,182.718
2019-12-10 15:00:00,181.5
2019-12-10 16:00:00,175.281
2019-12-10 17:00:00,165.625
2019-12-10 18:00:00,162.0
2019-12-10 19:00:00,102.593
2019-12-10 20:00:00,18.28
2019-12-10 21:00:00,17.405
2019-12-10 22:00:00,30.312
2019-12-10 23:00:00,160.593
